{
    "B1855+09_430_ASP_efac": 1.115935306813982,
    "B1855+09_430_ASP_log10_ecorr": -6.798122106550257,
    "B1855+09_430_ASP_log10_t2equad": -7.564164330699591,
    "B1855+09_430_PUPPI_efac": 1.000049037085653,
    "B1855+09_430_PUPPI_log10_ecorr": -5.6989064141929715,
    "B1855+09_430_PUPPI_log10_t2equad": -6.572540211467256,
    "B1855+09_L-wide_ASP_efac": 1.043114017270374,
    "B1855+09_L-wide_ASP_log10_ecorr": -6.120457109433745,
    "B1855+09_L-wide_ASP_log10_t2equad": -6.517929916655293,
    "B1855+09_L-wide_PUPPI_efac": 1.1118432332882,
    "B1855+09_L-wide_PUPPI_log10_ecorr": -6.641667916624413,
    "B1855+09_L-wide_PUPPI_log10_t2equad": -7.755603780476984,
    "B1855+09_red_noise_gamma": -3.68432133461766,
    "B1855+09_red_noise_log10_A": -13.940953818371378
}