{
    "B1937+21_L-wide_ASP_efac": 2.584236583895852,
    "B1937+21_L-wide_ASP_log10_ecorr": -6.985907827570632,
    "B1937+21_L-wide_ASP_log10_t2equad": -7.240258825889674,
    "B1937+21_L-wide_PUPPI_efac": 1.588553615548855,
    "B1937+21_L-wide_PUPPI_log10_ecorr": -6.933190952449128,
    "B1937+21_L-wide_PUPPI_log10_t2equad": -7.316718019537581,
    "B1937+21_Rcvr1_2_GASP_efac": 1.11596238034839,
    "B1937+21_Rcvr1_2_GASP_log10_ecorr": -6.951805082863183,
    "B1937+21_Rcvr1_2_GASP_log10_t2equad": -7.078057247973833,
    "B1937+21_Rcvr1_2_GUPPI_efac": 1.201231503643165,
    "B1937+21_Rcvr1_2_GUPPI_log10_ecorr": -6.9742651134780225,
    "B1937+21_Rcvr1_2_GUPPI_log10_t2equad": -7.239033824412098,
    "B1937+21_Rcvr_800_GASP_efac": 2.54028984892031,
    "B1937+21_Rcvr_800_GASP_log10_ecorr": -8.377559128584869,
    "B1937+21_Rcvr_800_GASP_log10_t2equad": -7.101827347769447,
    "B1937+21_Rcvr_800_GUPPI_efac": 3.97407135954626,
    "B1937+21_Rcvr_800_GUPPI_log10_ecorr": -6.347443803757376,
    "B1937+21_Rcvr_800_GUPPI_log10_t2equad": -7.196203648391603,
    "B1937+21_S-wide_ASP_efac": 1.296147976316929,
    "B1937+21_S-wide_ASP_log10_ecorr": -6.560243521577494,
    "B1937+21_S-wide_ASP_log10_t2equad": -7.024684569470163,
    "B1937+21_S-wide_PUPPI_efac": 1.116329734475017,
    "B1937+21_S-wide_PUPPI_log10_ecorr": -6.998893530255561,
    "B1937+21_S-wide_PUPPI_log10_t2equad": -7.170287594150795,
    "B1937+21_red_noise_gamma": -4.1813627650729,
    "B1937+21_red_noise_log10_A": -13.582887238264957
}