{
    "B1953+29_430_ASP_efac": 1.122265336810418,
    "B1953+29_430_ASP_log10_ecorr": -6.801311233023301,
    "B1953+29_430_ASP_log10_t2equad": -6.595969511606248,
    "B1953+29_430_PUPPI_efac": 0.995563116988274,
    "B1953+29_430_PUPPI_log10_ecorr": -5.068377030340542,
    "B1953+29_430_PUPPI_log10_t2equad": -5.725665720895586,
    "B1953+29_L-wide_ASP_efac": 1.085422949226532,
    "B1953+29_L-wide_ASP_log10_ecorr": -7.668469566246393,
    "B1953+29_L-wide_ASP_log10_t2equad": -8.399638557151581,
    "B1953+29_L-wide_PUPPI_efac": 1.068074187050562,
    "B1953+29_L-wide_PUPPI_log10_ecorr": -7.146306033798056,
    "B1953+29_L-wide_PUPPI_log10_t2equad": -8.217718616702697,
    "B1953+29_S-wide_ASP_efac": 1.153645740212544,
    "B1953+29_S-wide_ASP_log10_ecorr": -6.709481100223183,
    "B1953+29_S-wide_ASP_log10_t2equad": -6.429397872795122,
    "B1953+29_red_noise_gamma": -1.370093659992961,
    "B1953+29_red_noise_log10_A": -12.666223404479476
}