{
    "J0023+0923_430_ASP_efac": 1.101966732560332,
    "J0023+0923_430_ASP_log10_ecorr": -6.82774000999425,
    "J0023+0923_430_ASP_log10_t2equad": -8.379328374813772,
    "J0023+0923_430_PUPPI_efac": 1.05440100253028,
    "J0023+0923_430_PUPPI_log10_ecorr": -7.214804570153461,
    "J0023+0923_430_PUPPI_log10_t2equad": -6.795146207080774,
    "J0023+0923_L-wide_ASP_efac": 1.080482895771678,
    "J0023+0923_L-wide_ASP_log10_ecorr": -7.825007013971638,
    "J0023+0923_L-wide_ASP_log10_t2equad": -5.957285653521352,
    "J0023+0923_L-wide_PUPPI_efac": 1.059064341365409,
    "J0023+0923_L-wide_PUPPI_log10_ecorr": -7.592071908370426,
    "J0023+0923_L-wide_PUPPI_log10_t2equad": -6.5764658901649335
}