{
    "J0030+0451_430_ASP_efac": 1.086189097591878,
    "J0030+0451_430_ASP_log10_ecorr": -7.360892121475694,
    "J0030+0451_430_ASP_log10_t2equad": -6.843236116084237,
    "J0030+0451_430_PUPPI_efac": 1.05164891661052,
    "J0030+0451_430_PUPPI_log10_ecorr": -6.848893061740094,
    "J0030+0451_430_PUPPI_log10_t2equad": -6.92705934028527,
    "J0030+0451_L-wide_ASP_efac": 1.125455392398476,
    "J0030+0451_L-wide_ASP_log10_ecorr": -8.12433487010331,
    "J0030+0451_L-wide_ASP_log10_t2equad": -7.131049926540358,
    "J0030+0451_L-wide_PUPPI_efac": 1.04456044662113,
    "J0030+0451_L-wide_PUPPI_log10_ecorr": -6.879539130463605,
    "J0030+0451_L-wide_PUPPI_log10_t2equad": -7.827003713107375,
    "J0030+0451_S-wide_PUPPI_efac": 1.00821083627619,
    "J0030+0451_S-wide_PUPPI_log10_ecorr": -7.718654073334091,
    "J0030+0451_S-wide_PUPPI_log10_t2equad": -6.903968227858332,
    "J0030+0451_red_noise_gamma": -4.74945342126165,
    "J0030+0451_red_noise_log10_A": -14.500756830153122
}