{
    "J0340+4130_Rcvr1_2_GUPPI_efac": 1.020420294732708,
    "J0340+4130_Rcvr1_2_GUPPI_log10_ecorr": -8.294649393563315,
    "J0340+4130_Rcvr1_2_GUPPI_log10_t2equad": -6.148311764744859,
    "J0340+4130_Rcvr_800_GUPPI_efac": 1.021743296184682,
    "J0340+4130_Rcvr_800_GUPPI_log10_ecorr": -6.226197491127485,
    "J0340+4130_Rcvr_800_GUPPI_log10_t2equad": -5.983153311644942
}