{
    "J0406+3039_L-wide_PUPPI_efac": 1.023154430083455,
    "J0406+3039_L-wide_PUPPI_log10_ecorr": -8.49987987653776,
    "J0406+3039_L-wide_PUPPI_log10_t2equad": -6.593236143749284,
    "J0406+3039_S-wide_PUPPI_efac": 1.034168701496937,
    "J0406+3039_S-wide_PUPPI_log10_ecorr": -7.023391776348414,
    "J0406+3039_S-wide_PUPPI_log10_t2equad": -7.3617615233002685
}