{
    "J0437-4715_1.5GHz_YUPPI_efac": 5.36527942179416,
    "J0437-4715_1.5GHz_YUPPI_log10_ecorr": -6.050068149718107,
    "J0437-4715_1.5GHz_YUPPI_log10_t2equad": -9.132856483393196,
    "J0437-4715_3GHz_YUPPI_efac": 1.39342336371275,
    "J0437-4715_3GHz_YUPPI_log10_ecorr": -7.066726403554406,
    "J0437-4715_3GHz_YUPPI_log10_t2equad": -8.509993302999595,
    "J0437-4715_red_noise_gamma": -0.0635328008976831,
    "J0437-4715_red_noise_log10_A": -13.56789491630865
}