{
    "J0509+0856_L-wide_PUPPI_efac": 1.095512521601887,
    "J0509+0856_L-wide_PUPPI_log10_ecorr": -8.099210606541076,
    "J0509+0856_L-wide_PUPPI_log10_t2equad": -7.503070389015834,
    "J0509+0856_S-wide_PUPPI_efac": 1.059436607744737,
    "J0509+0856_S-wide_PUPPI_log10_ecorr": -5.941548552371258,
    "J0509+0856_S-wide_PUPPI_log10_t2equad": -5.721357983961399
}