{
    "J0557+1551_L-wide_PUPPI_efac": 1.01682403184705,
    "J0557+1551_L-wide_PUPPI_log10_ecorr": -7.365860105030853,
    "J0557+1551_L-wide_PUPPI_log10_t2equad": -6.974993021474987,
    "J0557+1551_S-wide_PUPPI_efac": 0.8350278479587,
    "J0557+1551_S-wide_PUPPI_log10_ecorr": -7.705824622856606,
    "J0557+1551_S-wide_PUPPI_log10_t2equad": -5.758501659438013
}