{
    "J0605+3757_Rcvr1_2_GUPPI_efac": 0.989610719476766,
    "J0605+3757_Rcvr1_2_GUPPI_log10_ecorr": -5.510194903060417,
    "J0605+3757_Rcvr1_2_GUPPI_log10_t2equad": -6.126732440466736,
    "J0605+3757_Rcvr_800_GUPPI_efac": 0.955828093497542,
    "J0605+3757_Rcvr_800_GUPPI_log10_ecorr": -8.379083187589488,
    "J0605+3757_Rcvr_800_GUPPI_log10_t2equad": -5.644766723764354
}