{
    "J0614-3329_Rcvr1_2_GUPPI_efac": 0.969206511032058,
    "J0614-3329_Rcvr1_2_GUPPI_log10_ecorr": -7.824221129794299,
    "J0614-3329_Rcvr1_2_GUPPI_log10_t2equad": -8.312053396673532,
    "J0614-3329_Rcvr_800_GUPPI_efac": 0.970577707767909,
    "J0614-3329_Rcvr_800_GUPPI_log10_ecorr": -6.16184836400461,
    "J0614-3329_Rcvr_800_GUPPI_log10_t2equad": -6.683240603401466
}