{
    "J0613-0200_Rcvr1_2_GASP_efac": 0.945813537708301,
    "J0613-0200_Rcvr1_2_GASP_log10_ecorr": -6.677548427048339,
    "J0613-0200_Rcvr1_2_GASP_log10_t2equad": -7.999344748962752,
    "J0613-0200_Rcvr1_2_GUPPI_efac": 1.03153431040882,
    "J0613-0200_Rcvr1_2_GUPPI_log10_ecorr": -6.797835586737512,
    "J0613-0200_Rcvr1_2_GUPPI_log10_t2equad": -6.9582938987490035,
    "J0613-0200_Rcvr_800_GASP_efac": 1.139281249281849,
    "J0613-0200_Rcvr_800_GASP_log10_ecorr": -7.741807180440779,
    "J0613-0200_Rcvr_800_GASP_log10_t2equad": -7.862390451357201,
    "J0613-0200_Rcvr_800_GUPPI_efac": 1.104125819683603,
    "J0613-0200_Rcvr_800_GUPPI_log10_ecorr": -6.86668666718751,
    "J0613-0200_Rcvr_800_GUPPI_log10_t2equad": -6.665692566706781,
    "J0613-0200_red_noise_gamma": -2.89004297149555,
    "J0613-0200_red_noise_log10_A": -13.65401467390768
}