{
    "J0610-2100_Rcvr1_2_GUPPI_efac": 1.034109986652698,
    "J0610-2100_Rcvr1_2_GUPPI_log10_ecorr": -6.444458664499393,
    "J0610-2100_Rcvr1_2_GUPPI_log10_t2equad": -7.302484812749648,
    "J0610-2100_Rcvr_800_GUPPI_efac": 1.020001032044076,
    "J0610-2100_Rcvr_800_GUPPI_log10_ecorr": -6.266064392411721,
    "J0610-2100_Rcvr_800_GUPPI_log10_t2equad": -5.899830011509388,
    "J0610-2100_red_noise_gamma": -2.57300994903435,
    "J0610-2100_red_noise_log10_A": -12.640945423432264
}