{
    "J0636+5128_Rcvr1_2_GUPPI_efac": 1.04144694213213,
    "J0636+5128_Rcvr1_2_GUPPI_log10_ecorr": -6.708688617307221,
    "J0636+5128_Rcvr1_2_GUPPI_log10_t2equad": -7.6600451601375426,
    "J0636+5128_Rcvr_800_GUPPI_efac": 1.00718182117215,
    "J0636+5128_Rcvr_800_GUPPI_log10_ecorr": -6.741884522156617,
    "J0636+5128_Rcvr_800_GUPPI_log10_t2equad": -7.723761547969633
}