{
    "J0645+5158_Rcvr1_2_GUPPI_efac": 1.0460600781108,
    "J0645+5158_Rcvr1_2_GUPPI_log10_ecorr": -7.43388489865304,
    "J0645+5158_Rcvr1_2_GUPPI_log10_t2equad": -8.456575264083892,
    "J0645+5158_Rcvr_800_GUPPI_efac": 0.982255747275867,
    "J0645+5158_Rcvr_800_GUPPI_log10_ecorr": -7.131266326059566,
    "J0645+5158_Rcvr_800_GUPPI_log10_t2equad": -7.020748724220432
}