{
    "J0709+0458_L-wide_PUPPI_efac": 1.071868840969968,
    "J0709+0458_L-wide_PUPPI_log10_ecorr": -8.068269297969929,
    "J0709+0458_L-wide_PUPPI_log10_t2equad": -6.992237906576379,
    "J0709+0458_S-wide_PUPPI_efac": 0.971307199058623,
    "J0709+0458_S-wide_PUPPI_log10_ecorr": -5.635097300919934,
    "J0709+0458_S-wide_PUPPI_log10_t2equad": -8.22905769095846
}