{
    "J0740+6620_Rcvr1_2_GUPPI_efac": 1.024528446754564,
    "J0740+6620_Rcvr1_2_GUPPI_log10_ecorr": -6.90441354607899,
    "J0740+6620_Rcvr1_2_GUPPI_log10_t2equad": -7.855182070214478,
    "J0740+6620_Rcvr_800_GUPPI_efac": 1.013241968550914,
    "J0740+6620_Rcvr_800_GUPPI_log10_ecorr": -6.727307025736905,
    "J0740+6620_Rcvr_800_GUPPI_log10_t2equad": -7.177230853972957
}