{
    "J0931-1902_Rcvr1_2_GUPPI_efac": 0.997072476010111,
    "J0931-1902_Rcvr1_2_GUPPI_log10_ecorr": -8.477686227070691,
    "J0931-1902_Rcvr1_2_GUPPI_log10_t2equad": -6.797264621500389,
    "J0931-1902_Rcvr_800_GUPPI_efac": 1.012975098054864,
    "J0931-1902_Rcvr_800_GUPPI_log10_ecorr": -8.135817301413859,
    "J0931-1902_Rcvr_800_GUPPI_log10_t2equad": -6.233904528767095
}