{
    "J1012+5307_Rcvr1_2_GASP_efac": 1.02377099213393,
    "J1012+5307_Rcvr1_2_GASP_log10_ecorr": -6.280245957371343,
    "J1012+5307_Rcvr1_2_GASP_log10_t2equad": -8.39734111911683,
    "J1012+5307_Rcvr1_2_GUPPI_efac": 1.0082567771699,
    "J1012+5307_Rcvr1_2_GUPPI_log10_ecorr": -6.298206325479711,
    "J1012+5307_Rcvr1_2_GUPPI_log10_t2equad": -7.4826899534952105,
    "J1012+5307_Rcvr_800_GASP_efac": 1.0359835262533,
    "J1012+5307_Rcvr_800_GASP_log10_ecorr": -8.319707883549723,
    "J1012+5307_Rcvr_800_GASP_log10_t2equad": -6.032299586663788,
    "J1012+5307_Rcvr_800_GUPPI_efac": 1.05174308155624,
    "J1012+5307_Rcvr_800_GUPPI_log10_ecorr": -7.882094177234254,
    "J1012+5307_Rcvr_800_GUPPI_log10_t2equad": -6.556050676873168,
    "J1012+5307_red_noise_gamma": -0.90919839073062,
    "J1012+5307_red_noise_log10_A": -12.65930992580066
}