{
    "J1012-4235_Rcvr1_2_GUPPI_efac": 0.908898326867477,
    "J1012-4235_Rcvr1_2_GUPPI_log10_ecorr": -7.124793921403631,
    "J1012-4235_Rcvr1_2_GUPPI_log10_t2equad": -5.762881914146114,
    "J1012-4235_Rcvr_800_GUPPI_efac": 0.746603343931311,
    "J1012-4235_Rcvr_800_GUPPI_log10_ecorr": -6.300133965165754,
    "J1012-4235_Rcvr_800_GUPPI_log10_t2equad": -5.195527095025685
}