{
    "J1022+1001_430_PUPPI_efac": 1.270131540717271,
    "J1022+1001_430_PUPPI_log10_ecorr": -5.0035121389998904,
    "J1022+1001_430_PUPPI_log10_t2equad": -5.750136062449421,
    "J1022+1001_L-wide_PUPPI_efac": 1.084266251286681,
    "J1022+1001_L-wide_PUPPI_log10_ecorr": -5.637856242532116,
    "J1022+1001_L-wide_PUPPI_log10_t2equad": -6.962181273762461,
    "J1022+1001_S-wide_PUPPI_efac": 1.162773948387633,
    "J1022+1001_S-wide_PUPPI_log10_ecorr": -5.507915600397955,
    "J1022+1001_S-wide_PUPPI_log10_t2equad": -8.290635842944523
}