{
    "J1024-0719_Rcvr1_2_GASP_efac": 0.925277144070335,
    "J1024-0719_Rcvr1_2_GASP_log10_ecorr": -8.241744051119957,
    "J1024-0719_Rcvr1_2_GASP_log10_t2equad": -6.36123329416105,
    "J1024-0719_Rcvr1_2_GUPPI_efac": 1.010898974739695,
    "J1024-0719_Rcvr1_2_GUPPI_log10_ecorr": -6.757777377776201,
    "J1024-0719_Rcvr1_2_GUPPI_log10_t2equad": -7.722021915083889,
    "J1024-0719_Rcvr_800_GASP_efac": 0.884345912098428,
    "J1024-0719_Rcvr_800_GASP_log10_ecorr": -7.096546283908213,
    "J1024-0719_Rcvr_800_GASP_log10_t2equad": -6.240578400179964,
    "J1024-0719_Rcvr_800_GUPPI_efac": 1.00026172770671,
    "J1024-0719_Rcvr_800_GUPPI_log10_ecorr": -7.662047633701905,
    "J1024-0719_Rcvr_800_GUPPI_log10_t2equad": -8.109665589128504
}