{
    "J1125+7819_Rcvr1_2_GUPPI_efac": 1.027220563995153,
    "J1125+7819_Rcvr1_2_GUPPI_log10_ecorr": -8.372415610559424,
    "J1125+7819_Rcvr1_2_GUPPI_log10_t2equad": -6.346478986790246,
    "J1125+7819_Rcvr_800_GUPPI_efac": 1.030793729641,
    "J1125+7819_Rcvr_800_GUPPI_log10_ecorr": -5.44973952164772,
    "J1125+7819_Rcvr_800_GUPPI_log10_t2equad": -5.841323651051872
}