{
    "J1312+0051_L-wide_PUPPI_efac": 1.049821716330424,
    "J1312+0051_L-wide_PUPPI_log10_ecorr": -7.039634532232308,
    "J1312+0051_L-wide_PUPPI_log10_t2equad": -6.178847787666479,
    "J1312+0051_S-wide_PUPPI_efac": 0.969480309076556,
    "J1312+0051_S-wide_PUPPI_log10_ecorr": -8.355982823987159,
    "J1312+0051_S-wide_PUPPI_log10_t2equad": -5.56093065395025
}