{
    "J1455-3330_Rcvr1_2_GASP_efac": 1.007572672521601,
    "J1455-3330_Rcvr1_2_GASP_log10_ecorr": -5.852964977281282,
    "J1455-3330_Rcvr1_2_GASP_log10_t2equad": -7.8163759665641415,
    "J1455-3330_Rcvr1_2_GUPPI_efac": 1.037594323265469,
    "J1455-3330_Rcvr1_2_GUPPI_log10_ecorr": -6.739680410405561,
    "J1455-3330_Rcvr1_2_GUPPI_log10_t2equad": -7.73839812541615,
    "J1455-3330_Rcvr_800_GASP_efac": 0.962674317546223,
    "J1455-3330_Rcvr_800_GASP_log10_ecorr": -6.00001683345824,
    "J1455-3330_Rcvr_800_GASP_log10_t2equad": -5.971742636274387,
    "J1455-3330_Rcvr_800_GUPPI_efac": 0.98738811968536,
    "J1455-3330_Rcvr_800_GUPPI_log10_ecorr": -6.06145782099319,
    "J1455-3330_Rcvr_800_GUPPI_log10_t2equad": -8.311539965289855
}