{
    "J1453+1902_430_PUPPI_efac": 0.968367628499376,
    "J1453+1902_430_PUPPI_log10_ecorr": -5.052635529294617,
    "J1453+1902_430_PUPPI_log10_t2equad": -7.485158199456939,
    "J1453+1902_L-wide_PUPPI_efac": 1.087462175407255,
    "J1453+1902_L-wide_PUPPI_log10_ecorr": -7.156882426415421,
    "J1453+1902_L-wide_PUPPI_log10_t2equad": -6.103501507572114,
    "J1453+1902_S-wide_PUPPI_efac": 1.054747222844056,
    "J1453+1902_S-wide_PUPPI_log10_ecorr": -5.179947563879134,
    "J1453+1902_S-wide_PUPPI_log10_t2equad": -5.488292763999967
}