{
    "J1600-3053_3GHz_YUPPI_efac": 1.026564530716887,
    "J1600-3053_3GHz_YUPPI_log10_ecorr": -7.8336927517805695,
    "J1600-3053_3GHz_YUPPI_log10_t2equad": -8.230199618961905,
    "J1600-3053_Rcvr1_2_GASP_efac": 1.15191312052037,
    "J1600-3053_Rcvr1_2_GASP_log10_ecorr": -6.752807270224575,
    "J1600-3053_Rcvr1_2_GASP_log10_t2equad": -8.340723292844514,
    "J1600-3053_Rcvr1_2_GUPPI_efac": 1.044273761386189,
    "J1600-3053_Rcvr1_2_GUPPI_log10_ecorr": -6.8925274947807464,
    "J1600-3053_Rcvr1_2_GUPPI_log10_t2equad": -8.05374969723697,
    "J1600-3053_Rcvr_800_GASP_efac": 0.808705150972171,
    "J1600-3053_Rcvr_800_GASP_log10_ecorr": -5.80526517050473,
    "J1600-3053_Rcvr_800_GASP_log10_t2equad": -5.768987719871626,
    "J1600-3053_Rcvr_800_GUPPI_efac": 1.05932832485913,
    "J1600-3053_Rcvr_800_GUPPI_log10_ecorr": -6.095600977008153,
    "J1600-3053_Rcvr_800_GUPPI_log10_t2equad": -6.324162266590475,
    "J1600-3053_red_noise_gamma": -0.938279423686166,
    "J1600-3053_red_noise_log10_A": -13.430209515371967
}