{
    "J1614-2230_Rcvr1_2_GASP_efac": 1.072699849038663,
    "J1614-2230_Rcvr1_2_GASP_log10_ecorr": -7.7794534676251175,
    "J1614-2230_Rcvr1_2_GASP_log10_t2equad": -8.053779126915263,
    "J1614-2230_Rcvr1_2_GUPPI_efac": 1.035009007182931,
    "J1614-2230_Rcvr1_2_GUPPI_log10_ecorr": -6.880885873579994,
    "J1614-2230_Rcvr1_2_GUPPI_log10_t2equad": -8.202795546458434,
    "J1614-2230_Rcvr_800_GASP_efac": 0.98879393445453,
    "J1614-2230_Rcvr_800_GASP_log10_ecorr": -7.635309237970435,
    "J1614-2230_Rcvr_800_GASP_log10_t2equad": -6.517933112474015,
    "J1614-2230_Rcvr_800_GUPPI_efac": 1.017249655954617,
    "J1614-2230_Rcvr_800_GUPPI_log10_ecorr": -7.045108375379001,
    "J1614-2230_Rcvr_800_GUPPI_log10_t2equad": -8.487813148551705,
    "J1614-2230_red_noise_gamma": -3.003103585692245,
    "J1614-2230_red_noise_log10_A": -14.012480989576677
}