{
    "J1630+3734_Rcvr1_2_GUPPI_efac": 1.02456568525595,
    "J1630+3734_Rcvr1_2_GUPPI_log10_ecorr": -7.49036457086721,
    "J1630+3734_Rcvr1_2_GUPPI_log10_t2equad": -6.820956044221713,
    "J1630+3734_Rcvr_800_GUPPI_efac": 1.03085132606649,
    "J1630+3734_Rcvr_800_GUPPI_log10_ecorr": -6.32959200491962,
    "J1630+3734_Rcvr_800_GUPPI_log10_t2equad": -6.308511513305433
}