{
    "J1640+2224_430_ASP_efac": 1.121506029988498,
    "J1640+2224_430_ASP_log10_ecorr": -8.330125942484548,
    "J1640+2224_430_ASP_log10_t2equad": -6.28749904001143,
    "J1640+2224_430_PUPPI_efac": 1.018935077105698,
    "J1640+2224_430_PUPPI_log10_ecorr": -6.806961796818522,
    "J1640+2224_430_PUPPI_log10_t2equad": -6.94392530310952,
    "J1640+2224_L-wide_ASP_efac": 1.051346866559616,
    "J1640+2224_L-wide_ASP_log10_ecorr": -6.397144367365945,
    "J1640+2224_L-wide_ASP_log10_t2equad": -7.963353122720272,
    "J1640+2224_L-wide_PUPPI_efac": 1.064966929963167,
    "J1640+2224_L-wide_PUPPI_log10_ecorr": -6.3712376086431695,
    "J1640+2224_L-wide_PUPPI_log10_t2equad": -7.839393249415642
}