{
    "J1643-1224_3GHz_YUPPI_efac": 1.00875861312875,
    "J1643-1224_3GHz_YUPPI_log10_ecorr": -6.259837258302536,
    "J1643-1224_3GHz_YUPPI_log10_t2equad": -5.88378170640433,
    "J1643-1224_Rcvr1_2_GASP_efac": 1.055288197111588,
    "J1643-1224_Rcvr1_2_GASP_log10_ecorr": -6.699173809101336,
    "J1643-1224_Rcvr1_2_GASP_log10_t2equad": -7.04437827089935,
    "J1643-1224_Rcvr1_2_GUPPI_efac": 1.068448071955812,
    "J1643-1224_Rcvr1_2_GUPPI_log10_ecorr": -6.028355720079012,
    "J1643-1224_Rcvr1_2_GUPPI_log10_t2equad": -6.303453370303317,
    "J1643-1224_Rcvr_800_GASP_efac": 1.283631026364763,
    "J1643-1224_Rcvr_800_GASP_log10_ecorr": -7.590286770947031,
    "J1643-1224_Rcvr_800_GASP_log10_t2equad": -5.751242213387369,
    "J1643-1224_Rcvr_800_GUPPI_efac": 1.18246926617779,
    "J1643-1224_Rcvr_800_GUPPI_log10_ecorr": -5.609552950550871,
    "J1643-1224_Rcvr_800_GUPPI_log10_t2equad": -6.0672686169524015,
    "J1643-1224_red_noise_gamma": -0.651459227910269,
    "J1643-1224_red_noise_log10_A": -12.264927335995473
}