{
    "J1705-1903_Rcvr1_2_GUPPI_efac": 1.086667241043846,
    "J1705-1903_Rcvr1_2_GUPPI_log10_ecorr": -7.135999518281587,
    "J1705-1903_Rcvr1_2_GUPPI_log10_t2equad": -6.641914122602586,
    "J1705-1903_Rcvr_800_GUPPI_efac": 1.086020351289511,
    "J1705-1903_Rcvr_800_GUPPI_log10_ecorr": -6.550525074074865,
    "J1705-1903_Rcvr_800_GUPPI_log10_t2equad": -7.41432279458265,
    "J1705-1903_red_noise_gamma": -0.3616377270954267,
    "J1705-1903_red_noise_log10_A": -12.662926232867376
}