{
    "J1719-1438_Rcvr1_2_GUPPI_efac": 0.999619579521779,
    "J1719-1438_Rcvr1_2_GUPPI_log10_ecorr": -8.020036516352715,
    "J1719-1438_Rcvr1_2_GUPPI_log10_t2equad": -8.456200771154878,
    "J1719-1438_Rcvr_800_GUPPI_efac": 1.019957380238949,
    "J1719-1438_Rcvr_800_GUPPI_log10_ecorr": -6.135614900376712,
    "J1719-1438_Rcvr_800_GUPPI_log10_t2equad": -5.800563751939666
}