{
    "J1713+0747_1.5GHz_YUPPI_efac": 1.073555321935761,
    "J1713+0747_1.5GHz_YUPPI_log10_ecorr": -7.13933042231645,
    "J1713+0747_1.5GHz_YUPPI_log10_t2equad": -8.428546212108444,
    "J1713+0747_3GHz_YUPPI_efac": 1.043042188929558,
    "J1713+0747_3GHz_YUPPI_log10_ecorr": -6.943356926251283,
    "J1713+0747_3GHz_YUPPI_log10_t2equad": -8.104010444853724,
    "J1713+0747_L-wide_ASP_efac": 0.977740209584478,
    "J1713+0747_L-wide_ASP_log10_ecorr": -7.036467091841555,
    "J1713+0747_L-wide_ASP_log10_t2equad": -7.914791656434374,
    "J1713+0747_L-wide_PUPPI_efac": 0.929395884607325,
    "J1713+0747_L-wide_PUPPI_log10_ecorr": -7.1265821259126065,
    "J1713+0747_L-wide_PUPPI_log10_t2equad": -8.45422347829962,
    "J1713+0747_Rcvr1_2_GASP_efac": 1.003503915930671,
    "J1713+0747_Rcvr1_2_GASP_log10_ecorr": -6.7375785153259455,
    "J1713+0747_Rcvr1_2_GASP_log10_t2equad": -7.080367640606891,
    "J1713+0747_Rcvr1_2_GUPPI_efac": 1.001535976008163,
    "J1713+0747_Rcvr1_2_GUPPI_log10_ecorr": -7.064266433523614,
    "J1713+0747_Rcvr1_2_GUPPI_log10_t2equad": -8.453547347905747,
    "J1713+0747_Rcvr_800_GASP_efac": 1.102212097122021,
    "J1713+0747_Rcvr_800_GASP_log10_ecorr": -8.070405892459178,
    "J1713+0747_Rcvr_800_GASP_log10_t2equad": -6.732852022971178,
    "J1713+0747_Rcvr_800_GUPPI_efac": 1.036362877866851,
    "J1713+0747_Rcvr_800_GUPPI_log10_ecorr": -6.825151876856516,
    "J1713+0747_Rcvr_800_GUPPI_log10_t2equad": -7.105839604068173,
    "J1713+0747_S-wide_ASP_efac": 1.039498912237716,
    "J1713+0747_S-wide_ASP_log10_ecorr": -6.9446292268829035,
    "J1713+0747_S-wide_ASP_log10_t2equad": -7.7120918503439935,
    "J1713+0747_S-wide_PUPPI_efac": 1.059783958916402,
    "J1713+0747_S-wide_PUPPI_log10_ecorr": -7.1053799964336335,
    "J1713+0747_S-wide_PUPPI_log10_t2equad": -8.183890161581633,
    "J1713+0747_red_noise_gamma": -2.24589751230631,
    "J1713+0747_red_noise_log10_A": -13.967430568185375
}