{
    "J1730-2304_Rcvr1_2_GUPPI_efac": 1.02190537976774,
    "J1730-2304_Rcvr1_2_GUPPI_log10_ecorr": -8.2720962228316,
    "J1730-2304_Rcvr1_2_GUPPI_log10_t2equad": -7.392437342794547,
    "J1730-2304_Rcvr_800_GUPPI_efac": 1.04426359076453,
    "J1730-2304_Rcvr_800_GUPPI_log10_ecorr": -8.470279143415409,
    "J1730-2304_Rcvr_800_GUPPI_log10_t2equad": -8.337983402893867
}