{
    "J1738+0333_L-wide_ASP_efac": 1.02931232397878,
    "J1738+0333_L-wide_ASP_log10_ecorr": -6.642098675094726,
    "J1738+0333_L-wide_ASP_log10_t2equad": -7.78835329449323,
    "J1738+0333_L-wide_PUPPI_efac": 1.046459356996636,
    "J1738+0333_L-wide_PUPPI_log10_ecorr": -7.108563473461583,
    "J1738+0333_L-wide_PUPPI_log10_t2equad": -7.559841018960891,
    "J1738+0333_S-wide_ASP_efac": 1.073360443710119,
    "J1738+0333_S-wide_ASP_log10_ecorr": -7.615294078576669,
    "J1738+0333_S-wide_ASP_log10_t2equad": -7.558860570354262,
    "J1738+0333_S-wide_PUPPI_efac": 1.030971357431065,
    "J1738+0333_S-wide_PUPPI_log10_ecorr": -7.995038621278979,
    "J1738+0333_S-wide_PUPPI_log10_t2equad": -7.279872050572727
}