{
    "J1744-1134_Rcvr1_2_GASP_efac": 1.041688881559708,
    "J1744-1134_Rcvr1_2_GASP_log10_ecorr": -6.381454939876926,
    "J1744-1134_Rcvr1_2_GASP_log10_t2equad": -7.878580546851981,
    "J1744-1134_Rcvr1_2_GUPPI_efac": 1.060110956243558,
    "J1744-1134_Rcvr1_2_GUPPI_log10_ecorr": -6.623865764265868,
    "J1744-1134_Rcvr1_2_GUPPI_log10_t2equad": -7.247518857738869,
    "J1744-1134_Rcvr_800_GASP_efac": 1.062937426040929,
    "J1744-1134_Rcvr_800_GASP_log10_ecorr": -6.43551507268861,
    "J1744-1134_Rcvr_800_GASP_log10_t2equad": -6.2665061785496965,
    "J1744-1134_Rcvr_800_GUPPI_efac": 1.044867292572697,
    "J1744-1134_Rcvr_800_GUPPI_log10_ecorr": -6.4268747337077095,
    "J1744-1134_Rcvr_800_GUPPI_log10_t2equad": -6.682781201127491,
    "J1744-1134_red_noise_gamma": -2.47323683157569,
    "J1744-1134_red_noise_log10_A": -13.666938864964216
}