{
    "J1745+1017_L-wide_PUPPI_efac": 1.234075844301581,
    "J1745+1017_L-wide_PUPPI_log10_ecorr": -6.068789024376624,
    "J1745+1017_L-wide_PUPPI_log10_t2equad": -6.05907210042327,
    "J1745+1017_S-wide_PUPPI_efac": 1.11742827028034,
    "J1745+1017_S-wide_PUPPI_log10_ecorr": -5.769898186175099,
    "J1745+1017_S-wide_PUPPI_log10_t2equad": -8.027877952181385,
    "J1745+1017_red_noise_gamma": -2.500443753921741,
    "J1745+1017_red_noise_log10_A": -11.933046213268293
}