{
    "J1747-4036_Rcvr1_2_GUPPI_efac": 1.010161767555524,
    "J1747-4036_Rcvr1_2_GUPPI_log10_ecorr": -5.8584410499372765,
    "J1747-4036_Rcvr1_2_GUPPI_log10_t2equad": -6.1624346140987,
    "J1747-4036_Rcvr_800_GUPPI_efac": 1.030433442333827,
    "J1747-4036_Rcvr_800_GUPPI_log10_ecorr": -5.495259035446506,
    "J1747-4036_Rcvr_800_GUPPI_log10_t2equad": -7.6111504688739196,
    "J1747-4036_red_noise_gamma": -2.43770311495646,
    "J1747-4036_red_noise_log10_A": -12.572600276804671
}