{
    "J1741+1351_430_ASP_efac": 0.761312816607933,
    "J1741+1351_430_ASP_log10_ecorr": -5.438338188959421,
    "J1741+1351_430_ASP_log10_t2equad": -6.361655035033382,
    "J1741+1351_430_PUPPI_efac": 1.002723587265366,
    "J1741+1351_430_PUPPI_log10_ecorr": -6.288827484045192,
    "J1741+1351_430_PUPPI_log10_t2equad": -6.493560891691296,
    "J1741+1351_L-wide_ASP_efac": 1.048767675654976,
    "J1741+1351_L-wide_ASP_log10_ecorr": -7.067739972016996,
    "J1741+1351_L-wide_ASP_log10_t2equad": -7.928699886089866,
    "J1741+1351_L-wide_PUPPI_efac": 1.0122187544429,
    "J1741+1351_L-wide_PUPPI_log10_ecorr": -6.856800293210609,
    "J1741+1351_L-wide_PUPPI_log10_t2equad": -7.419691332623539,
    "J1741+1351_S-wide_ASP_efac": 0.948486370728789,
    "J1741+1351_S-wide_ASP_log10_ecorr": -7.627324815806667,
    "J1741+1351_S-wide_ASP_log10_t2equad": -7.36223048772661
}