{
    "J1751-2857_Rcvr1_2_GUPPI_efac": 1.021873191349063,
    "J1751-2857_Rcvr1_2_GUPPI_log10_ecorr": -6.8634276543981185,
    "J1751-2857_Rcvr1_2_GUPPI_log10_t2equad": -6.368248437359871,
    "J1751-2857_Rcvr_800_GUPPI_efac": 0.74422702044922,
    "J1751-2857_Rcvr_800_GUPPI_log10_ecorr": -7.508523553351919,
    "J1751-2857_Rcvr_800_GUPPI_log10_t2equad": -5.014204015589805
}