{
    "J1802-2124_Rcvr1_2_GUPPI_efac": 1.06229421307509,
    "J1802-2124_Rcvr1_2_GUPPI_log10_ecorr": -6.254357537515606,
    "J1802-2124_Rcvr1_2_GUPPI_log10_t2equad": -6.0805778777071335,
    "J1802-2124_Rcvr_800_GUPPI_efac": 1.06708813814473,
    "J1802-2124_Rcvr_800_GUPPI_log10_ecorr": -5.379557720554441,
    "J1802-2124_Rcvr_800_GUPPI_log10_t2equad": -8.3411746934053,
    "J1802-2124_red_noise_gamma": -1.471213108454426,
    "J1802-2124_red_noise_log10_A": -12.264599134566524
}