{
    "J1811-2405_Rcvr1_2_GUPPI_efac": 1.003936783705143,
    "J1811-2405_Rcvr1_2_GUPPI_log10_ecorr": -7.783925123907279,
    "J1811-2405_Rcvr1_2_GUPPI_log10_t2equad": -8.098435432017435,
    "J1811-2405_Rcvr_800_GUPPI_efac": 1.018856252937287,
    "J1811-2405_Rcvr_800_GUPPI_log10_ecorr": -6.335172112638561,
    "J1811-2405_Rcvr_800_GUPPI_log10_t2equad": -6.485785170529214
}