{
    "J1832-0836_Rcvr1_2_GUPPI_efac": 1.011904216608224,
    "J1832-0836_Rcvr1_2_GUPPI_log10_ecorr": -8.08957007290632,
    "J1832-0836_Rcvr1_2_GUPPI_log10_t2equad": -8.463059620463866,
    "J1832-0836_Rcvr_800_GUPPI_efac": 1.013857153290994,
    "J1832-0836_Rcvr_800_GUPPI_log10_ecorr": -6.365499008496004,
    "J1832-0836_Rcvr_800_GUPPI_log10_t2equad": -6.394981063718822
}