{
    "J1843-1113_Rcvr1_2_GUPPI_efac": 1.00890289710252,
    "J1843-1113_Rcvr1_2_GUPPI_log10_ecorr": -7.725554095866707,
    "J1843-1113_Rcvr1_2_GUPPI_log10_t2equad": -6.8737124045440146,
    "J1843-1113_Rcvr_800_GUPPI_efac": 1.035778613666703,
    "J1843-1113_Rcvr_800_GUPPI_log10_ecorr": -6.829975642706282,
    "J1843-1113_Rcvr_800_GUPPI_log10_t2equad": -8.300911783274136
}