{
    "J1853+1303_430_ASP_efac": 1.070030692601155,
    "J1853+1303_430_ASP_log10_ecorr": -6.236851738689241,
    "J1853+1303_430_ASP_log10_t2equad": -7.530680773232424,
    "J1853+1303_430_PUPPI_efac": 0.991703599205472,
    "J1853+1303_430_PUPPI_log10_ecorr": -6.46267507975514,
    "J1853+1303_430_PUPPI_log10_t2equad": -6.048172259665166,
    "J1853+1303_L-wide_ASP_efac": 1.04081229080131,
    "J1853+1303_L-wide_ASP_log10_ecorr": -5.9604852698547806,
    "J1853+1303_L-wide_ASP_log10_t2equad": -7.037853343180932,
    "J1853+1303_L-wide_PUPPI_efac": 1.020261833432291,
    "J1853+1303_L-wide_PUPPI_log10_ecorr": -8.465378445977182,
    "J1853+1303_L-wide_PUPPI_log10_t2equad": -7.3434423931159305,
    "J1853+1303_red_noise_gamma": -1.988020173975129,
    "J1853+1303_red_noise_log10_A": -13.46270553785138
}