{
    "J1903+0327_3GHz_YUPPI_efac": 0.871595413728467,
    "J1903+0327_3GHz_YUPPI_log10_ecorr": -6.816635763243166,
    "J1903+0327_3GHz_YUPPI_log10_t2equad": -6.57242538059288,
    "J1903+0327_L-wide_ASP_efac": 1.13113677472928,
    "J1903+0327_L-wide_ASP_log10_ecorr": -5.778097887298083,
    "J1903+0327_L-wide_ASP_log10_t2equad": -8.140953212065678,
    "J1903+0327_L-wide_PUPPI_efac": 1.150509206583629,
    "J1903+0327_L-wide_PUPPI_log10_ecorr": -5.597851203701663,
    "J1903+0327_L-wide_PUPPI_log10_t2equad": -8.4596317009019,
    "J1903+0327_S-wide_ASP_efac": 0.635997833999066,
    "J1903+0327_S-wide_ASP_log10_ecorr": -6.710856826201565,
    "J1903+0327_S-wide_ASP_log10_t2equad": -5.616455335583583,
    "J1903+0327_S-wide_PUPPI_efac": 1.084147687483405,
    "J1903+0327_S-wide_PUPPI_log10_ecorr": -6.306711597226368,
    "J1903+0327_S-wide_PUPPI_log10_t2equad": -7.442422871063594,
    "J1903+0327_red_noise_gamma": -1.418376903304177,
    "J1903+0327_red_noise_log10_A": -12.202625077719395
}