{
    "J1909-3744_3GHz_YUPPI_efac": 0.993414867424727,
    "J1909-3744_3GHz_YUPPI_log10_ecorr": -7.1269475247257885,
    "J1909-3744_3GHz_YUPPI_log10_t2equad": -8.477203673578732,
    "J1909-3744_Rcvr1_2_GASP_efac": 0.92977258686995,
    "J1909-3744_Rcvr1_2_GASP_log10_ecorr": -8.355716473093485,
    "J1909-3744_Rcvr1_2_GASP_log10_t2equad": -7.22057220353736,
    "J1909-3744_Rcvr1_2_GUPPI_efac": 1.032683790875997,
    "J1909-3744_Rcvr1_2_GUPPI_log10_ecorr": -7.164174373013931,
    "J1909-3744_Rcvr1_2_GUPPI_log10_t2equad": -8.035773123087116,
    "J1909-3744_Rcvr_800_GASP_efac": 1.006459805227822,
    "J1909-3744_Rcvr_800_GASP_log10_ecorr": -7.307757230245945,
    "J1909-3744_Rcvr_800_GASP_log10_t2equad": -6.851446248951442,
    "J1909-3744_Rcvr_800_GUPPI_efac": 1.024392205051981,
    "J1909-3744_Rcvr_800_GUPPI_log10_ecorr": -7.281270697715134,
    "J1909-3744_Rcvr_800_GUPPI_log10_t2equad": -7.40691946573309,
    "J1909-3744_red_noise_gamma": -4.41031173414012,
    "J1909-3744_red_noise_log10_A": -14.638400096910123
}