{
    "J1910+1256_L-wide_ASP_efac": 1.0353426701626,
    "J1910+1256_L-wide_ASP_log10_ecorr": -7.168306572035723,
    "J1910+1256_L-wide_ASP_log10_t2equad": -8.292014213904844,
    "J1910+1256_L-wide_PUPPI_efac": 1.04221444890355,
    "J1910+1256_L-wide_PUPPI_log10_ecorr": -6.338144232834369,
    "J1910+1256_L-wide_PUPPI_log10_t2equad": -8.23477305462413,
    "J1910+1256_S-wide_ASP_efac": 0.928974326712794,
    "J1910+1256_S-wide_ASP_log10_ecorr": -6.2718727283287246,
    "J1910+1256_S-wide_ASP_log10_t2equad": -6.105215867513536,
    "J1910+1256_S-wide_PUPPI_efac": 1.02941290829992,
    "J1910+1256_S-wide_PUPPI_log10_ecorr": -6.505855693275123,
    "J1910+1256_S-wide_PUPPI_log10_t2equad": -7.459847556702073
}