{
    "J1918-0642_Rcvr1_2_GASP_efac": 1.000039492448609,
    "J1918-0642_Rcvr1_2_GASP_log10_ecorr": -7.825040199978874,
    "J1918-0642_Rcvr1_2_GASP_log10_t2equad": -8.05239014723718,
    "J1918-0642_Rcvr1_2_GUPPI_efac": 1.003511177590823,
    "J1918-0642_Rcvr1_2_GUPPI_log10_ecorr": -6.69481565895366,
    "J1918-0642_Rcvr1_2_GUPPI_log10_t2equad": -6.855296864739584,
    "J1918-0642_Rcvr_800_GASP_efac": 1.033646426480592,
    "J1918-0642_Rcvr_800_GASP_log10_ecorr": -7.2021045326313535,
    "J1918-0642_Rcvr_800_GASP_log10_t2equad": -6.370619125322411,
    "J1918-0642_Rcvr_800_GUPPI_efac": 1.006897286585479,
    "J1918-0642_Rcvr_800_GUPPI_log10_ecorr": -6.751006277563872,
    "J1918-0642_Rcvr_800_GUPPI_log10_t2equad": -6.477713213672427
}