{
    "J1911+1347_430_PUPPI_efac": 0.921463776212665,
    "J1911+1347_430_PUPPI_log10_ecorr": -5.690192014234225,
    "J1911+1347_430_PUPPI_log10_t2equad": -5.575255021535984,
    "J1911+1347_L-wide_PUPPI_efac": 1.02034979144507,
    "J1911+1347_L-wide_PUPPI_log10_ecorr": -8.368585474115248,
    "J1911+1347_L-wide_PUPPI_log10_t2equad": -7.527731465538314
}