{
    "J1923+2515_430_ASP_efac": 1.5538805584867,
    "J1923+2515_430_ASP_log10_ecorr": -6.162863458997219,
    "J1923+2515_430_ASP_log10_t2equad": -6.860894462268968,
    "J1923+2515_430_PUPPI_efac": 1.005847184515789,
    "J1923+2515_430_PUPPI_log10_ecorr": -6.344730571593688,
    "J1923+2515_430_PUPPI_log10_t2equad": -8.150280691995459,
    "J1923+2515_L-wide_ASP_efac": 0.890192966284531,
    "J1923+2515_L-wide_ASP_log10_ecorr": -6.384763653739999,
    "J1923+2515_L-wide_ASP_log10_t2equad": -7.269836380119906,
    "J1923+2515_L-wide_PUPPI_efac": 1.062431093664011,
    "J1923+2515_L-wide_PUPPI_log10_ecorr": -7.775186053880345,
    "J1923+2515_L-wide_PUPPI_log10_t2equad": -8.473131426690072
}