{
    "J1944+0907_430_ASP_efac": 0.723098976214611,
    "J1944+0907_430_ASP_log10_ecorr": -8.351054760229172,
    "J1944+0907_430_ASP_log10_t2equad": -5.892721926637561,
    "J1944+0907_430_PUPPI_efac": 1.035000065805881,
    "J1944+0907_430_PUPPI_log10_ecorr": -8.244816317620533,
    "J1944+0907_430_PUPPI_log10_t2equad": -6.608735936942311,
    "J1944+0907_L-wide_ASP_efac": 1.147422018860394,
    "J1944+0907_L-wide_ASP_log10_ecorr": -6.159055324742069,
    "J1944+0907_L-wide_ASP_log10_t2equad": -7.947058895694849,
    "J1944+0907_L-wide_PUPPI_efac": 1.05698722980987,
    "J1944+0907_L-wide_PUPPI_log10_ecorr": -6.523955511734954,
    "J1944+0907_L-wide_PUPPI_log10_t2equad": -7.269886040561225,
    "J1944+0907_S-wide_ASP_efac": 0.729546687337015,
    "J1944+0907_S-wide_ASP_log10_ecorr": -5.507620687339099,
    "J1944+0907_S-wide_ASP_log10_t2equad": -7.8312930767308435
}