{
    "J1946+3417_L-wide_PUPPI_efac": 1.08550494536639,
    "J1946+3417_L-wide_PUPPI_log10_ecorr": -6.3012894737128375,
    "J1946+3417_L-wide_PUPPI_log10_t2equad": -8.27131973298902,
    "J1946+3417_S-wide_PUPPI_efac": 1.015486716863966,
    "J1946+3417_S-wide_PUPPI_log10_ecorr": -7.867689284336252,
    "J1946+3417_S-wide_PUPPI_log10_t2equad": -7.108657109424313,
    "J1946+3417_red_noise_gamma": -1.426117748098894,
    "J1946+3417_red_noise_log10_A": -12.543482357597439
}