{
    "J2010-1323_Rcvr1_2_GASP_efac": 0.868456121294112,
    "J2010-1323_Rcvr1_2_GASP_log10_ecorr": -8.312436355993654,
    "J2010-1323_Rcvr1_2_GASP_log10_t2equad": -7.885012931161519,
    "J2010-1323_Rcvr1_2_GUPPI_efac": 1.01454836531522,
    "J2010-1323_Rcvr1_2_GUPPI_log10_ecorr": -6.9195464243446185,
    "J2010-1323_Rcvr1_2_GUPPI_log10_t2equad": -7.991507498741639,
    "J2010-1323_Rcvr_800_GASP_efac": 0.998451141182614,
    "J2010-1323_Rcvr_800_GASP_log10_ecorr": -8.463626889747639,
    "J2010-1323_Rcvr_800_GASP_log10_t2equad": -6.90446599340015,
    "J2010-1323_Rcvr_800_GUPPI_efac": 0.979882370533329,
    "J2010-1323_Rcvr_800_GUPPI_log10_ecorr": -7.707228451824862,
    "J2010-1323_Rcvr_800_GUPPI_log10_t2equad": -7.793728196089243
}