{
    "J2017+0603_430_PUPPI_efac": 1.036979016861783,
    "J2017+0603_430_PUPPI_log10_ecorr": -8.028909115973542,
    "J2017+0603_430_PUPPI_log10_t2equad": -7.449516483055609,
    "J2017+0603_L-wide_ASP_efac": 1.057336226156642,
    "J2017+0603_L-wide_ASP_log10_ecorr": -6.674936597115021,
    "J2017+0603_L-wide_ASP_log10_t2equad": -8.469444170863799,
    "J2017+0603_L-wide_PUPPI_efac": 1.005817266380866,
    "J2017+0603_L-wide_PUPPI_log10_ecorr": -7.1630555956005955,
    "J2017+0603_L-wide_PUPPI_log10_t2equad": -7.849576226290505,
    "J2017+0603_S-wide_PUPPI_efac": 0.964185095264466,
    "J2017+0603_S-wide_PUPPI_log10_ecorr": -7.949497485333045,
    "J2017+0603_S-wide_PUPPI_log10_t2equad": -8.133445843146948
}