{
    "J2033+1734_430_PUPPI_efac": 0.929484808383487,
    "J2033+1734_430_PUPPI_log10_ecorr": -5.969820157728044,
    "J2033+1734_430_PUPPI_log10_t2equad": -5.564416692298268,
    "J2033+1734_L-wide_PUPPI_efac": 1.069173077532,
    "J2033+1734_L-wide_PUPPI_log10_ecorr": -8.176589345370358,
    "J2033+1734_L-wide_PUPPI_log10_t2equad": -7.727867271915852
}