{
    "J2043+1711_430_ASP_efac": 1.4543608102904,
    "J2043+1711_430_ASP_log10_ecorr": -8.214322952468054,
    "J2043+1711_430_ASP_log10_t2equad": -8.63994653050523,
    "J2043+1711_430_PUPPI_efac": 0.98863262929012,
    "J2043+1711_430_PUPPI_log10_ecorr": -7.123154371797582,
    "J2043+1711_430_PUPPI_log10_t2equad": -6.720651512541255,
    "J2043+1711_L-wide_ASP_efac": 1.116229289530834,
    "J2043+1711_L-wide_ASP_log10_ecorr": -6.775074389057761,
    "J2043+1711_L-wide_ASP_log10_t2equad": -8.269934287998842,
    "J2043+1711_L-wide_PUPPI_efac": 1.015444939548755,
    "J2043+1711_L-wide_PUPPI_log10_ecorr": -7.69685340162504,
    "J2043+1711_L-wide_PUPPI_log10_t2equad": -8.156378767962885
}