{
    "J2124-3358_Rcvr1_2_GUPPI_efac": 1.137939222323399,
    "J2124-3358_Rcvr1_2_GUPPI_log10_ecorr": -8.220410916327268,
    "J2124-3358_Rcvr1_2_GUPPI_log10_t2equad": -7.516371599402631,
    "J2124-3358_Rcvr_800_GUPPI_efac": 1.056374773643397,
    "J2124-3358_Rcvr_800_GUPPI_log10_ecorr": -8.123521593615015,
    "J2124-3358_Rcvr_800_GUPPI_log10_t2equad": -6.1852671166489515
}