{
    "J2145-0750_Rcvr1_2_GASP_efac": 0.949866468680926,
    "J2145-0750_Rcvr1_2_GASP_log10_ecorr": -6.837273196205056,
    "J2145-0750_Rcvr1_2_GASP_log10_t2equad": -5.9606696998049165,
    "J2145-0750_Rcvr1_2_GUPPI_efac": 1.013154636898133,
    "J2145-0750_Rcvr1_2_GUPPI_log10_ecorr": -6.291231674117007,
    "J2145-0750_Rcvr1_2_GUPPI_log10_t2equad": -7.969828800432449,
    "J2145-0750_Rcvr_800_GASP_efac": 1.137421643486937,
    "J2145-0750_Rcvr_800_GASP_log10_ecorr": -5.289844107987061,
    "J2145-0750_Rcvr_800_GASP_log10_t2equad": -6.317638201806473,
    "J2145-0750_Rcvr_800_GUPPI_efac": 1.015100198939301,
    "J2145-0750_Rcvr_800_GUPPI_log10_ecorr": -5.943835632678155,
    "J2145-0750_Rcvr_800_GUPPI_log10_t2equad": -6.473822764827543,
    "J2145-0750_red_noise_gamma": -0.530041477447835,
    "J2145-0750_red_noise_log10_A": -12.953476522381477
}