{
    "J2214+3000_L-wide_ASP_efac": 1.039356507539033,
    "J2214+3000_L-wide_ASP_log10_ecorr": -7.635439971631637,
    "J2214+3000_L-wide_ASP_log10_t2equad": -7.51390992244918,
    "J2214+3000_L-wide_PUPPI_efac": 1.118177814154822,
    "J2214+3000_L-wide_PUPPI_log10_ecorr": -6.840834249408872,
    "J2214+3000_L-wide_PUPPI_log10_t2equad": -7.878408951322362,
    "J2214+3000_S-wide_PUPPI_efac": 1.0237319013879,
    "J2214+3000_S-wide_PUPPI_log10_ecorr": -5.997873971846039,
    "J2214+3000_S-wide_PUPPI_log10_t2equad": -6.30979119807902
}