{
    "J2229+2643_430_PUPPI_efac": 1.075396502880017,
    "J2229+2643_430_PUPPI_log10_ecorr": -6.447378690634306,
    "J2229+2643_430_PUPPI_log10_t2equad": -6.351594824490263,
    "J2229+2643_L-wide_PUPPI_efac": 1.08540373785908,
    "J2229+2643_L-wide_PUPPI_log10_ecorr": -7.155983715998768,
    "J2229+2643_L-wide_PUPPI_log10_t2equad": -7.48871948221686
}