{
    "J2234+0611_430_PUPPI_efac": 0.956496799735073,
    "J2234+0611_430_PUPPI_log10_ecorr": -8.221999547090622,
    "J2234+0611_430_PUPPI_log10_t2equad": -6.095495958152848,
    "J2234+0611_L-wide_PUPPI_efac": 1.002745179368331,
    "J2234+0611_L-wide_PUPPI_log10_ecorr": -7.5124402071856,
    "J2234+0611_L-wide_PUPPI_log10_t2equad": -8.136499924059063,
    "J2234+0611_red_noise_gamma": -1.245290620182111,
    "J2234+0611_red_noise_log10_A": -13.41715819281675
}