{
    "J2234+0944_L-wide_PUPPI_efac": 1.06688577327897,
    "J2234+0944_L-wide_PUPPI_log10_ecorr": -7.195014870163075,
    "J2234+0944_L-wide_PUPPI_log10_t2equad": -8.428065671538535,
    "J2234+0944_S-wide_PUPPI_efac": 1.008264680360509,
    "J2234+0944_S-wide_PUPPI_log10_ecorr": -6.677937406146833,
    "J2234+0944_S-wide_PUPPI_log10_t2equad": -6.717539069354819
}