{
    "J2302+4442_Rcvr1_2_GUPPI_efac": 1.040082111861741,
    "J2302+4442_Rcvr1_2_GUPPI_log10_ecorr": -7.64072102279478,
    "J2302+4442_Rcvr1_2_GUPPI_log10_t2equad": -7.274863944214771,
    "J2302+4442_Rcvr_800_GUPPI_efac": 0.993365278821874,
    "J2302+4442_Rcvr_800_GUPPI_log10_ecorr": -6.096291759572095,
    "J2302+4442_Rcvr_800_GUPPI_log10_t2equad": -6.903723469421655
}