{
    "J2317+1439_327_ASP_efac": 1.04320863750764,
    "J2317+1439_327_ASP_log10_ecorr": -7.487382821111241,
    "J2317+1439_327_ASP_log10_t2equad": -6.500521375449321,
    "J2317+1439_327_PUPPI_efac": 1.226791274362784,
    "J2317+1439_327_PUPPI_log10_ecorr": -8.152395344722127,
    "J2317+1439_327_PUPPI_log10_t2equad": -6.651902020107133,
    "J2317+1439_430_ASP_efac": 1.22728486579257,
    "J2317+1439_430_ASP_log10_ecorr": -6.515470817081663,
    "J2317+1439_430_ASP_log10_t2equad": -7.101427829548103,
    "J2317+1439_430_PUPPI_efac": 1.05050697456514,
    "J2317+1439_430_PUPPI_log10_ecorr": -6.4483868198771335,
    "J2317+1439_430_PUPPI_log10_t2equad": -6.617399293439907,
    "J2317+1439_L-wide_PUPPI_efac": 1.03976267616734,
    "J2317+1439_L-wide_PUPPI_log10_ecorr": -6.237532577063579,
    "J2317+1439_L-wide_PUPPI_log10_t2equad": -7.381003509278491
}