{
    "J2322+2057_430_PUPPI_efac": 1.020232968411951,
    "J2322+2057_430_PUPPI_log10_ecorr": -6.203853755020059,
    "J2322+2057_430_PUPPI_log10_t2equad": -7.730290902034278,
    "J2322+2057_L-wide_PUPPI_efac": 1.01821429813628,
    "J2322+2057_L-wide_PUPPI_log10_ecorr": -7.998889712534445,
    "J2322+2057_L-wide_PUPPI_log10_t2equad": -8.369642510811849,
    "J2322+2057_S-wide_PUPPI_efac": 0.930792299287725,
    "J2322+2057_S-wide_PUPPI_log10_ecorr": -7.346426503855777,
    "J2322+2057_S-wide_PUPPI_log10_t2equad": -8.210845792821688
}