{
    "B1937+21_L-wide_ASP_efac":2.048754020884262,
    "B1937+21_L-wide_ASP_log10_ecorr":-6.940958996081342,
    "B1937+21_L-wide_ASP_log10_equad":-6.785369742733748,
    "B1937+21_L-wide_PUPPI_efac":2.12041666470792,
    "B1937+21_L-wide_PUPPI_log10_ecorr":-7.037572450266321,
    "B1937+21_L-wide_PUPPI_log10_equad":-7.147037241326325,
    "B1937+21_Rcvr1_2_GASP_efac":1.1708200812403644,
    "B1937+21_Rcvr1_2_GASP_log10_ecorr":-6.9573181220861695,
    "B1937+21_Rcvr1_2_GASP_log10_equad":-7.028404298685201,
    "B1937+21_Rcvr1_2_GUPPI_efac":1.4415081390299156,
    "B1937+21_Rcvr1_2_GUPPI_log10_ecorr":-6.873056983920257,
    "B1937+21_Rcvr1_2_GUPPI_log10_equad":-7.139419197676975,
    "B1937+21_Rcvr_800_GASP_efac":2.1333453783210095,
    "B1937+21_Rcvr_800_GASP_log10_ecorr":-8.024096164984243,
    "B1937+21_Rcvr_800_GASP_log10_equad":-6.669528646515994,
    "B1937+21_Rcvr_800_GUPPI_efac":4.219838621260683,
    "B1937+21_Rcvr_800_GUPPI_log10_ecorr":-6.441588828662218,
    "B1937+21_Rcvr_800_GUPPI_log10_equad":-6.603208890098822,
    "B1937+21_S-wide_ASP_efac":1.5159731379775645,
    "B1937+21_S-wide_ASP_log10_ecorr":-6.55920330997421,
    "B1937+21_S-wide_ASP_log10_equad":-6.781862531120971,
    "B1937+21_S-wide_PUPPI_efac":1.2470571693911434,
    "B1937+21_S-wide_PUPPI_log10_ecorr":-6.867655505641185,
    "B1937+21_S-wide_PUPPI_log10_equad":-7.011196636087005,
    "B1937+21_red_noise_gamma":3.3871118142793657,
    "B1937+21_red_noise_log10_A":-13.462268788784227
}
