{
    "J0023+0923_430_ASP_efac":1.0406298798508282,
    "J0023+0923_430_ASP_log10_ecorr":-7.247114834645301,
    "J0023+0923_430_ASP_log10_equad":-7.515587544312441,
    "J0023+0923_430_PUPPI_efac":1.0303417825587,
    "J0023+0923_430_PUPPI_log10_ecorr":-7.204956301397655,
    "J0023+0923_430_PUPPI_log10_equad":-6.854981065840284,
    "J0023+0923_L-wide_ASP_efac":1.1650439914860966,
    "J0023+0923_L-wide_ASP_log10_ecorr":-7.090334519441014,
    "J0023+0923_L-wide_ASP_log10_equad":-6.969754197772692,
    "J0023+0923_L-wide_PUPPI_efac":1.1184544897926894,
    "J0023+0923_L-wide_PUPPI_log10_ecorr":-7.815809476021381,
    "J0023+0923_L-wide_PUPPI_log10_equad":-7.039565135200931,
    "J0023+0923_red_noise_gamma":0.491178551670215,
    "J0023+0923_red_noise_log10_A":-13.231529320012353
}
