{
    "J0030+0451_430_ASP_efac":1.178988376393598,
    "J0030+0451_430_ASP_log10_ecorr":-7.637597883725108,
    "J0030+0451_430_ASP_log10_equad":-7.60151264056324,
    "J0030+0451_430_PUPPI_efac":1.0168220759726072,
    "J0030+0451_430_PUPPI_log10_ecorr":-7.458377805782614,
    "J0030+0451_430_PUPPI_log10_equad":-7.8144222164663235,
    "J0030+0451_L-wide_ASP_efac":1.1594082526710712,
    "J0030+0451_L-wide_ASP_log10_ecorr":-7.652790501212441,
    "J0030+0451_L-wide_ASP_log10_equad":-7.526120409087749,
    "J0030+0451_L-wide_PUPPI_efac":1.1157243178133207,
    "J0030+0451_L-wide_PUPPI_log10_ecorr":-7.712152616003756,
    "J0030+0451_L-wide_PUPPI_log10_equad":-7.687444375922908,
    "J0030+0451_S-wide_PUPPI_efac":0.991497940413971,
    "J0030+0451_S-wide_PUPPI_log10_ecorr":-7.4855687647637446,
    "J0030+0451_S-wide_PUPPI_log10_equad":-7.396119136419303,
    "J0030+0451_red_noise_gamma":5.332138721578978,
    "J0030+0451_red_noise_log10_A":-14.690749981456484
}
