{
    "J0340+4130_Rcvr1_2_GUPPI_efac":1.0259642829541946,
    "J0340+4130_Rcvr1_2_GUPPI_log10_ecorr":-7.622018530342815,
    "J0340+4130_Rcvr1_2_GUPPI_log10_equad":-7.386039778629237,
    "J0340+4130_Rcvr_800_GUPPI_efac":1.0538137141624955,
    "J0340+4130_Rcvr_800_GUPPI_log10_ecorr":-7.393209598102237,
    "J0340+4130_Rcvr_800_GUPPI_log10_equad":-7.3382576654191105,
    "J0340+4130_red_noise_gamma":3.2320798681249467,
    "J0340+4130_red_noise_log10_A":-16.96408828019997
}
