{
    "J0931-1902_Rcvr1_2_GUPPI_efac":0.9978266264621855,
    "J0931-1902_Rcvr1_2_GUPPI_log10_ecorr":-7.513888675725786,
    "J0931-1902_Rcvr1_2_GUPPI_log10_equad":-6.368762394081646,
    "J0931-1902_Rcvr_800_GUPPI_efac":1.0273179327732913,
    "J0931-1902_Rcvr_800_GUPPI_log10_ecorr":-7.493009784535781,
    "J0931-1902_Rcvr_800_GUPPI_log10_equad":-7.395637610513801,
    "J0931-1902_red_noise_gamma":3.3478374831880315,
    "J0931-1902_red_noise_log10_A":-16.756472463888695
}
