{
    "J1012+5307_Rcvr1_2_GASP_efac":1.0591690736069472,
    "J1012+5307_Rcvr1_2_GASP_log10_ecorr":-6.520878820970742,
    "J1012+5307_Rcvr1_2_GASP_log10_equad":-7.337569048606985,
    "J1012+5307_Rcvr1_2_GUPPI_efac":1.0062638587421908,
    "J1012+5307_Rcvr1_2_GUPPI_log10_ecorr":-6.39401084619692,
    "J1012+5307_Rcvr1_2_GUPPI_log10_equad":-7.777675843382624,
    "J1012+5307_Rcvr_800_GASP_efac":1.134064401904284,
    "J1012+5307_Rcvr_800_GASP_log10_ecorr":-7.672411945457032,
    "J1012+5307_Rcvr_800_GASP_log10_equad":-7.335838608622016,
    "J1012+5307_Rcvr_800_GUPPI_efac":1.062753909375921,
    "J1012+5307_Rcvr_800_GUPPI_log10_ecorr":-7.741968522547623,
    "J1012+5307_Rcvr_800_GUPPI_log10_equad":-6.506908723632507,
    "J1012+5307_red_noise_gamma":1.2907139653789428,
    "J1012+5307_red_noise_log10_A":-12.795867597869915
}
