{
    "J1453+1902_430_PUPPI_efac":0.9986419831773875,
    "J1453+1902_430_PUPPI_log10_ecorr":-6.893606742780536,
    "J1453+1902_430_PUPPI_log10_equad":-7.086976292634596,
    "J1453+1902_L-wide_PUPPI_efac":1.250519936636853,
    "J1453+1902_L-wide_PUPPI_log10_ecorr":-7.349945132590309,
    "J1453+1902_L-wide_PUPPI_log10_equad":-7.409174757107404,
    "J1453+1902_red_noise_gamma":3.314600526796877,
    "J1453+1902_red_noise_log10_A":-16.65131034684417
}
