{
    "J1600-3053_Rcvr1_2_GASP_efac":1.134993789980654,
    "J1600-3053_Rcvr1_2_GASP_log10_ecorr":-7.134558712552095,
    "J1600-3053_Rcvr1_2_GASP_log10_equad":-6.960586084616913,
    "J1600-3053_Rcvr1_2_GUPPI_efac":1.0521556985294778,
    "J1600-3053_Rcvr1_2_GUPPI_log10_ecorr":-6.899208552923536,
    "J1600-3053_Rcvr1_2_GUPPI_log10_equad":-7.761043891506745,
    "J1600-3053_Rcvr_800_GASP_efac":1.1935927243559799,
    "J1600-3053_Rcvr_800_GASP_log10_ecorr":-7.407293847566683,
    "J1600-3053_Rcvr_800_GASP_log10_equad":-7.311693997685966,
    "J1600-3053_Rcvr_800_GUPPI_efac":1.120996265055496,
    "J1600-3053_Rcvr_800_GUPPI_log10_ecorr":-6.288542964735563,
    "J1600-3053_Rcvr_800_GUPPI_log10_equad":-7.374528725467375,
    "J1600-3053_red_noise_gamma":0.2861693200531665,
    "J1600-3053_red_noise_log10_A":-13.312031529011415
}
