{
    "J1614-2230_Rcvr1_2_GASP_efac":1.1369056644435913,
    "J1614-2230_Rcvr1_2_GASP_log10_ecorr":-7.448625358285439,
    "J1614-2230_Rcvr1_2_GASP_log10_equad":-7.32067533880299,
    "J1614-2230_Rcvr1_2_GUPPI_efac":1.0636501302858106,
    "J1614-2230_Rcvr1_2_GUPPI_log10_ecorr":-7.655859629011535,
    "J1614-2230_Rcvr1_2_GUPPI_log10_equad":-7.784678758801305,
    "J1614-2230_Rcvr_800_GASP_efac":0.9178765720365575,
    "J1614-2230_Rcvr_800_GASP_log10_ecorr":-7.299611199085039,
    "J1614-2230_Rcvr_800_GASP_log10_equad":-7.2577825388006305,
    "J1614-2230_Rcvr_800_GUPPI_efac":1.0115241685032286,
    "J1614-2230_Rcvr_800_GUPPI_log10_ecorr":-7.4080289590963355,
    "J1614-2230_Rcvr_800_GUPPI_log10_equad":-7.627864180562532,
    "J1614-2230_red_noise_gamma":3.1137523696700793,
    "J1614-2230_red_noise_log10_A":-17.276040443640394
}
