{
    "J1640+2224_430_ASP_efac":1.143081359459332,
    "J1640+2224_430_ASP_log10_ecorr":-7.788811673814794,
    "J1640+2224_430_ASP_log10_equad":-6.240784825369144,
    "J1640+2224_430_PUPPI_efac":1.0573767076899483,
    "J1640+2224_430_PUPPI_log10_ecorr":-6.901622491949263,
    "J1640+2224_430_PUPPI_log10_equad":-6.9445789284154085,
    "J1640+2224_L-wide_ASP_efac":1.06394287552814,
    "J1640+2224_L-wide_ASP_log10_ecorr":-6.275572665649051,
    "J1640+2224_L-wide_ASP_log10_equad":-7.649274979312211,
    "J1640+2224_L-wide_PUPPI_efac":1.1457585235526273,
    "J1640+2224_L-wide_PUPPI_log10_ecorr":-6.4079933035010095,
    "J1640+2224_L-wide_PUPPI_log10_equad":-8.075008065199082,
    "J1640+2224_red_noise_gamma":3.3128116422920764,
    "J1640+2224_red_noise_log10_A":-16.75952854542471
}
