{
    "J1747-4036_Rcvr1_2_GUPPI_efac":1.0406387784576547,
    "J1747-4036_Rcvr1_2_GUPPI_log10_ecorr":-5.905403465022769,
    "J1747-4036_Rcvr1_2_GUPPI_log10_equad":-7.287658831864024,
    "J1747-4036_Rcvr_800_GUPPI_efac":1.0528123550579158,
    "J1747-4036_Rcvr_800_GUPPI_log10_ecorr":-5.457175287447477,
    "J1747-4036_Rcvr_800_GUPPI_log10_equad":-7.2659273913234985,
    "J1747-4036_red_noise_gamma":3.414354123890943,
    "J1747-4036_red_noise_log10_A":-12.636244264339206
}
