{
    "J1832-0836_Rcvr1_2_GUPPI_efac":1.0272388771646892,
    "J1832-0836_Rcvr1_2_GUPPI_log10_ecorr":-7.648628979373505,
    "J1832-0836_Rcvr1_2_GUPPI_log10_equad":-7.588132853561516,
    "J1832-0836_Rcvr_800_GUPPI_efac":1.003562365688325,
    "J1832-0836_Rcvr_800_GUPPI_log10_ecorr":-7.3689842599211035,
    "J1832-0836_Rcvr_800_GUPPI_log10_equad":-6.2428519645876905,
    "J1832-0836_red_noise_gamma":2.939304430159231,
    "J1832-0836_red_noise_log10_A":-15.739234048689543
}
