{
    "J1903+0327_L-wide_ASP_efac":1.179706924996803,
    "J1903+0327_L-wide_ASP_log10_ecorr":-7.172149108226772,
    "J1903+0327_L-wide_ASP_log10_equad":-7.158390864212146,
    "J1903+0327_L-wide_PUPPI_efac":1.168460641474899,
    "J1903+0327_L-wide_PUPPI_log10_ecorr":-5.636329138486162,
    "J1903+0327_L-wide_PUPPI_log10_equad":-7.759288526577286,
    "J1903+0327_S-wide_ASP_efac":0.8321334329815202,
    "J1903+0327_S-wide_ASP_log10_ecorr":-7.364742895573575,
    "J1903+0327_S-wide_ASP_log10_equad":-6.16963651015452,
    "J1903+0327_S-wide_PUPPI_efac":1.1095637896315254,
    "J1903+0327_S-wide_PUPPI_log10_ecorr":-7.45437286784459,
    "J1903+0327_S-wide_PUPPI_log10_equad":-7.574001886389685,
    "J1903+0327_red_noise_gamma":1.733371955570893,
    "J1903+0327_red_noise_log10_A":-12.289861498240622
}
