{
    "J1909-3744_Rcvr1_2_GASP_efac":0.9505606759311833,
    "J1909-3744_Rcvr1_2_GASP_log10_ecorr":-8.078816887958723,
    "J1909-3744_Rcvr1_2_GASP_log10_equad":-7.456278210493956,
    "J1909-3744_Rcvr1_2_GUPPI_efac":1.0339776268866265,
    "J1909-3744_Rcvr1_2_GUPPI_log10_ecorr":-7.137638201510413,
    "J1909-3744_Rcvr1_2_GUPPI_log10_equad":-8.171553179171445,
    "J1909-3744_Rcvr_800_GASP_efac":1.0504080629362422,
    "J1909-3744_Rcvr_800_GASP_log10_ecorr":-7.871774784575877,
    "J1909-3744_Rcvr_800_GASP_log10_equad":-7.037406290351743,
    "J1909-3744_Rcvr_800_GUPPI_efac":1.0313779800296294,
    "J1909-3744_Rcvr_800_GUPPI_log10_ecorr":-7.269816370154123,
    "J1909-3744_Rcvr_800_GUPPI_log10_equad":-7.365322642903795,
    "J1909-3744_red_noise_gamma":4.399724369998761,
    "J1909-3744_red_noise_log10_A":-14.787803305455277
}
