{
    "J1911+1347_430_PUPPI_efac":0.985037691631346,
    "J1911+1347_430_PUPPI_log10_ecorr":-6.9556333516614375,
    "J1911+1347_430_PUPPI_log10_equad":-6.31556161756245,
    "J1911+1347_L-wide_PUPPI_efac":1.031540153660689,
    "J1911+1347_L-wide_PUPPI_log10_ecorr":-7.416268263053558,
    "J1911+1347_L-wide_PUPPI_log10_equad":-7.89819259988214,
    "J1911+1347_red_noise_gamma":3.1366004724686958,
    "J1911+1347_red_noise_log10_A":-14.25998545434851
}
