{
    "J1910+1256_L-wide_ASP_efac":1.063590147073229,
    "J1910+1256_L-wide_ASP_log10_ecorr":-7.259684055387137,
    "J1910+1256_L-wide_ASP_log10_equad":-7.516992859042785,
    "J1910+1256_L-wide_PUPPI_efac":1.0931136416030962,
    "J1910+1256_L-wide_PUPPI_log10_ecorr":-7.403550254322336,
    "J1910+1256_L-wide_PUPPI_log10_equad":-7.585087262800533,
    "J1910+1256_S-wide_ASP_efac":0.9661536934887565,
    "J1910+1256_S-wide_ASP_log10_ecorr":-7.195615972473434,
    "J1910+1256_S-wide_ASP_log10_equad":-6.218657154174941,
    "J1910+1256_S-wide_PUPPI_efac":1.0982792255110136,
    "J1910+1256_S-wide_PUPPI_log10_ecorr":-6.218612073150832,
    "J1910+1256_S-wide_PUPPI_log10_equad":-7.401958120896809,
    "J1910+1256_red_noise_gamma":3.2903763153288317,
    "J1910+1256_red_noise_log10_A":-16.5116996069317
}
