{
    "J1923+2515_430_ASP_efac":1.2373635265106926,
    "J1923+2515_430_ASP_log10_ecorr":-6.504184743324717,
    "J1923+2515_430_ASP_log10_equad":-7.142953738975613,
    "J1923+2515_430_PUPPI_efac":1.0280076337777575,
    "J1923+2515_430_PUPPI_log10_ecorr":-7.011533421266852,
    "J1923+2515_430_PUPPI_log10_equad":-7.497964593513206,
    "J1923+2515_L-wide_ASP_efac":0.9386238008730015,
    "J1923+2515_L-wide_ASP_log10_ecorr":-6.546436794429655,
    "J1923+2515_L-wide_ASP_log10_equad":-7.5494203338472525,
    "J1923+2515_L-wide_PUPPI_efac":1.144937414850767,
    "J1923+2515_L-wide_PUPPI_log10_ecorr":-7.532279133666613,
    "J1923+2515_L-wide_PUPPI_log10_equad":-7.726627359060009,
    "J1923+2515_red_noise_gamma":3.139044403978823,
    "J1923+2515_red_noise_log10_A":-16.76257411552715
}
