{
    "J1944+0907_430_ASP_efac":1.0814498126291534,
    "J1944+0907_430_ASP_log10_ecorr":-6.8879174105358185,
    "J1944+0907_430_ASP_log10_equad":-7.243114059446985,
    "J1944+0907_430_PUPPI_efac":1.0727024023469869,
    "J1944+0907_430_PUPPI_log10_ecorr":-7.1306299212575945,
    "J1944+0907_430_PUPPI_log10_equad":-6.926315089238918,
    "J1944+0907_L-wide_ASP_efac":1.5390588569396464,
    "J1944+0907_L-wide_ASP_log10_ecorr":-7.104483772896318,
    "J1944+0907_L-wide_ASP_log10_equad":-7.238241222764401,
    "J1944+0907_L-wide_PUPPI_efac":1.1696155596603073,
    "J1944+0907_L-wide_PUPPI_log10_ecorr":-6.546284570029579,
    "J1944+0907_L-wide_PUPPI_log10_equad":-7.693354205218862,
    "J1944+0907_red_noise_gamma":2.7048960922487932,
    "J1944+0907_red_noise_log10_A":-15.33191715560634
}
