{
    "J2043+1711_430_ASP_efac":1.3778492919774936,
    "J2043+1711_430_ASP_log10_ecorr":-7.239541093300854,
    "J2043+1711_430_ASP_log10_equad":-7.4422502879843595,
    "J2043+1711_430_PUPPI_efac":1.0512309919631644,
    "J2043+1711_430_PUPPI_log10_ecorr":-7.421485674442805,
    "J2043+1711_430_PUPPI_log10_equad":-6.713932912210494,
    "J2043+1711_L-wide_ASP_efac":1.1374179552758532,
    "J2043+1711_L-wide_ASP_log10_ecorr":-7.396188335081211,
    "J2043+1711_L-wide_ASP_log10_equad":-7.464474830386383,
    "J2043+1711_L-wide_PUPPI_efac":0.9994555465027908,
    "J2043+1711_L-wide_PUPPI_log10_ecorr":-7.5041112226693665,
    "J2043+1711_L-wide_PUPPI_log10_equad":-8.072882690972005,
    "J2043+1711_red_noise_gamma":3.7256484040728366,
    "J2043+1711_red_noise_log10_A":-14.19285862371738
}
