{
    "J2229+2643_430_PUPPI_efac":1.081340003095888,
    "J2229+2643_430_PUPPI_log10_ecorr":-7.16659104160414,
    "J2229+2643_430_PUPPI_log10_equad":-6.246045309208485,
    "J2229+2643_L-wide_PUPPI_efac":1.1795637381251032,
    "J2229+2643_L-wide_PUPPI_log10_ecorr":-7.630859344308238,
    "J2229+2643_L-wide_PUPPI_log10_equad":-7.72877475370162,
    "J2229+2643_red_noise_gamma":3.2557669480951366,
    "J2229+2643_red_noise_log10_A":-16.923078691436704
}
