{
    "J2317+1439_327_ASP_efac":1.0823722500112272,
    "J2317+1439_327_ASP_log10_ecorr":-7.706187896212512,
    "J2317+1439_327_ASP_log10_equad":-6.457911273619141,
    "J2317+1439_327_PUPPI_efac":1.17384139990156,
    "J2317+1439_327_PUPPI_log10_ecorr":-6.392284847303101,
    "J2317+1439_327_PUPPI_log10_equad":-6.462306002360743,
    "J2317+1439_430_ASP_efac":1.2574511773494976,
    "J2317+1439_430_ASP_log10_ecorr":-6.509624616624109,
    "J2317+1439_430_ASP_log10_equad":-7.3732139102446626,
    "J2317+1439_430_PUPPI_efac":1.0163851726761812,
    "J2317+1439_430_PUPPI_log10_ecorr":-6.87918040058842,
    "J2317+1439_430_PUPPI_log10_equad":-6.535705196682452,
    "J2317+1439_L-wide_PUPPI_efac":1.1163982326548925,
    "J2317+1439_L-wide_PUPPI_log10_ecorr":-6.6463560361584975,
    "J2317+1439_L-wide_PUPPI_log10_equad":-7.463944437178126,
    "J2317+1439_red_noise_gamma":5.307615318140177,
    "J2317+1439_red_noise_log10_A":-15.100332175677856
}
