{
    "B1855+09_430_ASP_efac":1.149036589204419,
    "B1855+09_430_ASP_log10_ecorr":-7.415374510054153,
    "B1855+09_430_ASP_log10_equad":-7.379759355541006,
    "B1855+09_430_PUPPI_efac":1.0543836580555548,
    "B1855+09_430_PUPPI_log10_ecorr":-5.671108063699219,
    "B1855+09_430_PUPPI_log10_equad":-6.348065001180634,
    "B1855+09_L-wide_ASP_efac":1.080749375878354,
    "B1855+09_L-wide_ASP_log10_ecorr":-6.092899143243734,
    "B1855+09_L-wide_ASP_log10_equad":-6.51289896375955,
    "B1855+09_L-wide_PUPPI_efac":1.2429537099744354,
    "B1855+09_L-wide_PUPPI_log10_ecorr":-6.641281263572077,
    "B1855+09_L-wide_PUPPI_log10_equad":-7.821737281350602,
    "B1855+09_red_noise_gamma":4.223680673175877,
    "B1855+09_red_noise_log10_A":-14.029792598548077
}
