{
    "B1953+29_430_ASP_efac":1.0959834459004414,
    "B1953+29_430_ASP_log10_ecorr":-6.708721056458093,
    "B1953+29_430_ASP_log10_equad":-6.968461432753658,
    "B1953+29_430_PUPPI_efac":1.2278825282026293,
    "B1953+29_430_PUPPI_log10_ecorr":-5.228786570159053,
    "B1953+29_430_PUPPI_log10_equad":-7.04610187176654,
    "B1953+29_L-wide_ASP_efac":1.3518344895001828,
    "B1953+29_L-wide_ASP_log10_ecorr":-7.041138848116017,
    "B1953+29_L-wide_ASP_log10_equad":-6.883663754457833,
    "B1953+29_L-wide_PUPPI_efac":1.0614508352845797,
    "B1953+29_L-wide_PUPPI_log10_ecorr":-7.385606441924905,
    "B1953+29_L-wide_PUPPI_log10_equad":-7.463758861348976,
    "B1953+29_red_noise_gamma":2.631402213059383,
    "B1953+29_red_noise_log10_A":-13.010321805607543
}
