{
    "J0613-0200_Rcvr1_2_GASP_efac":1.0670783724500694,
    "J0613-0200_Rcvr1_2_GASP_log10_ecorr":-7.518791621441214,
    "J0613-0200_Rcvr1_2_GASP_log10_equad":-7.5596546617250215,
    "J0613-0200_Rcvr1_2_GUPPI_efac":1.0430747567523209,
    "J0613-0200_Rcvr1_2_GUPPI_log10_ecorr":-6.783106192555926,
    "J0613-0200_Rcvr1_2_GUPPI_log10_equad":-7.616764039524012,
    "J0613-0200_Rcvr_800_GASP_efac":1.0914149510171187,
    "J0613-0200_Rcvr_800_GASP_log10_ecorr":-7.737621417529334,
    "J0613-0200_Rcvr_800_GASP_log10_equad":-7.6069868785882795,
    "J0613-0200_Rcvr_800_GUPPI_efac":1.1066698572535434,
    "J0613-0200_Rcvr_800_GUPPI_log10_ecorr":-6.785665911883737,
    "J0613-0200_Rcvr_800_GUPPI_log10_equad":-6.650927606600988,
    "J0613-0200_red_noise_gamma":2.1504690979805816,
    "J0613-0200_red_noise_log10_A":-13.50381598359475
}
