{
    "J0636+5128_Rcvr1_2_GUPPI_efac":1.0545966243498794,
    "J0636+5128_Rcvr1_2_GUPPI_log10_ecorr":-7.48542286828852,
    "J0636+5128_Rcvr1_2_GUPPI_log10_equad":-7.529112931457501,
    "J0636+5128_Rcvr_800_GUPPI_efac":1.0078085497374172,
    "J0636+5128_Rcvr_800_GUPPI_log10_ecorr":-7.447351667842772,
    "J0636+5128_Rcvr_800_GUPPI_log10_equad":-6.971968785693322,
    "J0636+5128_red_noise_gamma":1.1629138298749118,
    "J0636+5128_red_noise_log10_A":-13.473273048403895
}
