{
    "J0645+5158_Rcvr1_2_GUPPI_efac":1.0435585167422876,
    "J0645+5158_Rcvr1_2_GUPPI_log10_ecorr":-7.469787739972568,
    "J0645+5158_Rcvr1_2_GUPPI_log10_equad":-7.513289178616864,
    "J0645+5158_Rcvr_800_GUPPI_efac":0.978554109695437,
    "J0645+5158_Rcvr_800_GUPPI_log10_ecorr":-7.21903125633763,
    "J0645+5158_Rcvr_800_GUPPI_log10_equad":-7.062675708760795,
    "J0645+5158_red_noise_gamma":3.177597949363798,
    "J0645+5158_red_noise_log10_A":-17.09299325951703
}
