{
    "J0740+6620_Rcvr1_2_GUPPI_efac":1.0343089991269732,
    "J0740+6620_Rcvr1_2_GUPPI_log10_ecorr":-7.70608072561388,
    "J0740+6620_Rcvr1_2_GUPPI_log10_equad":-7.761528816628728,
    "J0740+6620_Rcvr_800_GUPPI_efac":1.004701602096265,
    "J0740+6620_Rcvr_800_GUPPI_log10_ecorr":-7.332857509784389,
    "J0740+6620_Rcvr_800_GUPPI_log10_equad":-7.164147505224222,
    "J0740+6620_red_noise_gamma":3.3282025817322722,
    "J0740+6620_red_noise_log10_A":-16.857213277114553
}
