{
    "J1024-0719_Rcvr1_2_GASP_efac":0.910756763515209,
    "J1024-0719_Rcvr1_2_GASP_log10_ecorr":-7.131954410884169,
    "J1024-0719_Rcvr1_2_GASP_log10_equad":-6.739263270711485,
    "J1024-0719_Rcvr1_2_GUPPI_efac":1.0291119595206812,
    "J1024-0719_Rcvr1_2_GUPPI_log10_ecorr":-6.700450821263385,
    "J1024-0719_Rcvr1_2_GUPPI_log10_equad":-7.7609576526780275,
    "J1024-0719_Rcvr_800_GASP_efac":0.9894501502567977,
    "J1024-0719_Rcvr_800_GASP_log10_ecorr":-7.066941892042146,
    "J1024-0719_Rcvr_800_GASP_log10_equad":-7.194552724916308,
    "J1024-0719_Rcvr_800_GUPPI_efac":1.0271589257321567,
    "J1024-0719_Rcvr_800_GUPPI_log10_ecorr":-7.348793203212565,
    "J1024-0719_Rcvr_800_GUPPI_log10_equad":-7.836287384896643,
    "J1024-0719_red_noise_gamma":2.4158048787741997,
    "J1024-0719_red_noise_log10_A":-15.459672366243515
}
