{
    "J1125+7819_Rcvr1_2_GUPPI_efac":1.0722721363434835,
    "J1125+7819_Rcvr1_2_GUPPI_log10_ecorr":-7.396928155031416,
    "J1125+7819_Rcvr1_2_GUPPI_log10_equad":-6.551388027613723,
    "J1125+7819_Rcvr_800_GUPPI_efac":1.0493747978072194,
    "J1125+7819_Rcvr_800_GUPPI_log10_ecorr":-5.303607335077735,
    "J1125+7819_Rcvr_800_GUPPI_log10_equad":-5.746485292586326,
    "J1125+7819_red_noise_gamma":0.7653365821018345,
    "J1125+7819_red_noise_log10_A":-12.615109618253035
}
