{
    "J1455-3330_Rcvr1_2_GASP_efac":1.1400870761562596,
    "J1455-3330_Rcvr1_2_GASP_log10_ecorr":-5.860332688998369,
    "J1455-3330_Rcvr1_2_GASP_log10_equad":-7.192520761470676,
    "J1455-3330_Rcvr1_2_GUPPI_efac":1.082303099576083,
    "J1455-3330_Rcvr1_2_GUPPI_log10_ecorr":-7.629255580321534,
    "J1455-3330_Rcvr1_2_GUPPI_log10_equad":-7.524353545826194,
    "J1455-3330_Rcvr_800_GASP_efac":1.2328191470185799,
    "J1455-3330_Rcvr_800_GASP_log10_ecorr":-7.085458304995403,
    "J1455-3330_Rcvr_800_GASP_log10_equad":-7.050869987259775,
    "J1455-3330_Rcvr_800_GUPPI_efac":1.0054353177825495,
    "J1455-3330_Rcvr_800_GUPPI_log10_ecorr":-6.526567653068877,
    "J1455-3330_Rcvr_800_GUPPI_log10_equad":-7.558835853872056,
    "J1455-3330_red_noise_gamma":3.0932535595263047,
    "J1455-3330_red_noise_log10_A":-16.90628725023619
}
