{
    "J1643-1224_Rcvr1_2_GASP_efac":1.0071858015273707,
    "J1643-1224_Rcvr1_2_GASP_log10_ecorr":-7.503311141343279,
    "J1643-1224_Rcvr1_2_GASP_log10_equad":-7.277156122921472,
    "J1643-1224_Rcvr1_2_GUPPI_efac":1.1247022811624827,
    "J1643-1224_Rcvr1_2_GUPPI_log10_ecorr":-6.042898081068246,
    "J1643-1224_Rcvr1_2_GUPPI_log10_equad":-7.138128067645691,
    "J1643-1224_Rcvr_800_GASP_efac":1.493816799359807,
    "J1643-1224_Rcvr_800_GASP_log10_ecorr":-6.822037374515338,
    "J1643-1224_Rcvr_800_GASP_log10_equad":-7.115627957850879,
    "J1643-1224_Rcvr_800_GUPPI_efac":1.1921609687505945,
    "J1643-1224_Rcvr_800_GUPPI_log10_ecorr":-5.544475232494147,
    "J1643-1224_Rcvr_800_GUPPI_log10_equad":-5.9780473533853655,
    "J1643-1224_red_noise_gamma":1.4020276866258425,
    "J1643-1224_red_noise_log10_A":-12.27123732759871
}
