{
    "J1713+0747_L-wide_ASP_efac":1.0524302344416032,
    "J1713+0747_L-wide_ASP_log10_ecorr":-7.029000061406403,
    "J1713+0747_L-wide_ASP_log10_equad":-7.58206720746206,
    "J1713+0747_L-wide_PUPPI_efac":0.9796026604137508,
    "J1713+0747_L-wide_PUPPI_log10_ecorr":-7.142663306094692,
    "J1713+0747_L-wide_PUPPI_log10_equad":-8.377098873197399,
    "J1713+0747_Rcvr1_2_GASP_efac":1.084307149708116,
    "J1713+0747_Rcvr1_2_GASP_log10_ecorr":-7.299970815145262,
    "J1713+0747_Rcvr1_2_GASP_log10_equad":-7.423897862687164,
    "J1713+0747_Rcvr1_2_GUPPI_efac":1.017213088587959,
    "J1713+0747_Rcvr1_2_GUPPI_log10_ecorr":-7.131010248150742,
    "J1713+0747_Rcvr1_2_GUPPI_log10_equad":-8.357193830632392,
    "J1713+0747_Rcvr_800_GASP_efac":1.117529091199639,
    "J1713+0747_Rcvr_800_GASP_log10_ecorr":-7.788837849013025,
    "J1713+0747_Rcvr_800_GASP_log10_equad":-7.251839650442933,
    "J1713+0747_Rcvr_800_GUPPI_efac":1.0500383710337968,
    "J1713+0747_Rcvr_800_GUPPI_log10_ecorr":-6.730867845961182,
    "J1713+0747_Rcvr_800_GUPPI_log10_equad":-7.614933520652966,
    "J1713+0747_S-wide_ASP_efac":1.1139598766607257,
    "J1713+0747_S-wide_ASP_log10_ecorr":-6.876597410265874,
    "J1713+0747_S-wide_ASP_log10_equad":-8.027710747783962,
    "J1713+0747_S-wide_PUPPI_efac":1.0889710082237398,
    "J1713+0747_S-wide_PUPPI_log10_ecorr":-7.305157969602163,
    "J1713+0747_S-wide_PUPPI_log10_equad":-8.186781270775445,
    "J1713+0747_red_noise_gamma":1.0803551819826356,
    "J1713+0747_red_noise_log10_A":-13.978598514542139
}
