{
    "J1738+0333_L-wide_ASP_efac":1.1479069042742471,
    "J1738+0333_L-wide_ASP_log10_ecorr":-7.060532309258772,
    "J1738+0333_L-wide_ASP_log10_equad":-7.579720669663646,
    "J1738+0333_L-wide_PUPPI_efac":1.0710506604701162,
    "J1738+0333_L-wide_PUPPI_log10_ecorr":-7.019786250261518,
    "J1738+0333_L-wide_PUPPI_log10_equad":-7.886362963443982,
    "J1738+0333_S-wide_ASP_efac":0.9465373677964157,
    "J1738+0333_S-wide_ASP_log10_ecorr":-7.381958762803754,
    "J1738+0333_S-wide_ASP_log10_equad":-7.565578005221636,
    "J1738+0333_S-wide_PUPPI_efac":0.8845264245078953,
    "J1738+0333_S-wide_PUPPI_log10_ecorr":-7.7411812625497936,
    "J1738+0333_S-wide_PUPPI_log10_equad":-7.767394128812992,
    "J1738+0333_red_noise_gamma":3.1828096839125077,
    "J1738+0333_red_noise_log10_A":-17.139910078987647
}
