{
    "J1744-1134_Rcvr1_2_GASP_efac":0.9978514871735024,
    "J1744-1134_Rcvr1_2_GASP_log10_ecorr":-6.292180076314258,
    "J1744-1134_Rcvr1_2_GASP_log10_equad":-6.381411751584569,
    "J1744-1134_Rcvr1_2_GUPPI_efac":1.053362947622705,
    "J1744-1134_Rcvr1_2_GUPPI_log10_ecorr":-6.537490178263718,
    "J1744-1134_Rcvr1_2_GUPPI_log10_equad":-7.003305288540264,
    "J1744-1134_Rcvr_800_GASP_efac":1.1285830055400954,
    "J1744-1134_Rcvr_800_GASP_log10_ecorr":-6.61724561091565,
    "J1744-1134_Rcvr_800_GASP_log10_equad":-6.4572271715342175,
    "J1744-1134_Rcvr_800_GUPPI_efac":1.0350590534568576,
    "J1744-1134_Rcvr_800_GUPPI_log10_ecorr":-6.396301881001724,
    "J1744-1134_Rcvr_800_GUPPI_log10_equad":-6.613992229078914,
    "J1744-1134_red_noise_gamma":2.87149819961527,
    "J1744-1134_red_noise_log10_A":-13.611442044824283
}
