{
    "J1741+1351_430_ASP_efac":0.9244093327309052,
    "J1741+1351_430_ASP_log10_ecorr":-5.5978463759617405,
    "J1741+1351_430_ASP_log10_equad":-7.009806457228215,
    "J1741+1351_430_PUPPI_efac":1.0039009232670109,
    "J1741+1351_430_PUPPI_log10_ecorr":-6.518135961714821,
    "J1741+1351_430_PUPPI_log10_equad":-6.482096984326702,
    "J1741+1351_L-wide_ASP_efac":0.9209852519797033,
    "J1741+1351_L-wide_ASP_log10_ecorr":-7.186847507133638,
    "J1741+1351_L-wide_ASP_log10_equad":-7.299070391601319,
    "J1741+1351_L-wide_PUPPI_efac":1.0310288270954124,
    "J1741+1351_L-wide_PUPPI_log10_ecorr":-6.925186740960002,
    "J1741+1351_L-wide_PUPPI_log10_equad":-7.965578303654515,
    "J1741+1351_red_noise_gamma":2.782841937887233,
    "J1741+1351_red_noise_log10_A":-16.52263334721884
}
