{
    "J1853+1303_430_ASP_efac":1.078315248869886,
    "J1853+1303_430_ASP_log10_ecorr":-6.786182491593548,
    "J1853+1303_430_ASP_log10_equad":-7.0316537983149825,
    "J1853+1303_430_PUPPI_efac":1.0109631461154447,
    "J1853+1303_430_PUPPI_log10_ecorr":-7.344038425120731,
    "J1853+1303_430_PUPPI_log10_equad":-7.1227376684628645,
    "J1853+1303_L-wide_ASP_efac":1.0786110947865066,
    "J1853+1303_L-wide_ASP_log10_ecorr":-7.0135381645815835,
    "J1853+1303_L-wide_ASP_log10_equad":-7.1547369968726455,
    "J1853+1303_L-wide_PUPPI_efac":1.0235843088915801,
    "J1853+1303_L-wide_PUPPI_log10_ecorr":-7.804157398025932,
    "J1853+1303_L-wide_PUPPI_log10_equad":-7.722036732168339,
    "J1853+1303_red_noise_gamma":2.4720178742938748,
    "J1853+1303_red_noise_log10_A":-13.39744115688417
}
