{
    "J1918-0642_Rcvr1_2_GASP_efac":1.0272847294363423,
    "J1918-0642_Rcvr1_2_GASP_log10_ecorr":-7.37828526123227,
    "J1918-0642_Rcvr1_2_GASP_log10_equad":-7.67322161371427,
    "J1918-0642_Rcvr1_2_GUPPI_efac":1.035664184009173,
    "J1918-0642_Rcvr1_2_GUPPI_log10_ecorr":-7.4935011859866485,
    "J1918-0642_Rcvr1_2_GUPPI_log10_equad":-7.3696863188027075,
    "J1918-0642_Rcvr_800_GASP_efac":1.0557165923306966,
    "J1918-0642_Rcvr_800_GASP_log10_ecorr":-7.559243560441317,
    "J1918-0642_Rcvr_800_GASP_log10_equad":-7.105797415440444,
    "J1918-0642_Rcvr_800_GUPPI_efac":1.034910727323206,
    "J1918-0642_Rcvr_800_GUPPI_log10_ecorr":-6.525389492066881,
    "J1918-0642_Rcvr_800_GUPPI_log10_equad":-7.086564536955872,
    "J1918-0642_red_noise_gamma":2.7596367172671377,
    "J1918-0642_red_noise_log10_A":-16.226763772551656
}
