{
    "J2010-1323_Rcvr1_2_GASP_efac":1.0179865222180375,
    "J2010-1323_Rcvr1_2_GASP_log10_ecorr":-7.182315425909628,
    "J2010-1323_Rcvr1_2_GASP_log10_equad":-7.170459137166772,
    "J2010-1323_Rcvr1_2_GUPPI_efac":1.046213434079912,
    "J2010-1323_Rcvr1_2_GUPPI_log10_ecorr":-7.686560497366312,
    "J2010-1323_Rcvr1_2_GUPPI_log10_equad":-7.676454828722258,
    "J2010-1323_Rcvr_800_GASP_efac":1.0631310225900652,
    "J2010-1323_Rcvr_800_GASP_log10_ecorr":-7.241412604014393,
    "J2010-1323_Rcvr_800_GASP_log10_equad":-7.260685669109653,
    "J2010-1323_Rcvr_800_GUPPI_efac":0.9946706739052781,
    "J2010-1323_Rcvr_800_GUPPI_log10_ecorr":-7.580143294343043,
    "J2010-1323_Rcvr_800_GUPPI_log10_equad":-7.2177759208361,
    "J2010-1323_red_noise_gamma":3.1207604745289204,
    "J2010-1323_red_noise_log10_A":-17.088585935130837
}
