{
    "J2017+0603_430_PUPPI_efac":1.0093822233123215,
    "J2017+0603_430_PUPPI_log10_ecorr":-7.128447031828422,
    "J2017+0603_430_PUPPI_log10_equad":-7.400340554989067,
    "J2017+0603_L-wide_ASP_efac":1.1836322124322396,
    "J2017+0603_L-wide_ASP_log10_ecorr":-7.173248610617583,
    "J2017+0603_L-wide_ASP_log10_equad":-7.367283946930043,
    "J2017+0603_L-wide_PUPPI_efac":1.046323313584208,
    "J2017+0603_L-wide_PUPPI_log10_ecorr":-7.82755132699267,
    "J2017+0603_L-wide_PUPPI_log10_equad":-7.912206252778333,
    "J2017+0603_S-wide_ASP_efac":1.8932930007480588,
    "J2017+0603_S-wide_ASP_log10_ecorr":-6.789428630198219,
    "J2017+0603_S-wide_ASP_log10_equad":-6.873558567695128,
    "J2017+0603_S-wide_PUPPI_efac":0.9637488192067073,
    "J2017+0603_S-wide_PUPPI_log10_ecorr":-7.6940668965722345,
    "J2017+0603_S-wide_PUPPI_log10_equad":-7.597464103922708,
    "J2017+0603_red_noise_gamma":3.3188709274827426,
    "J2017+0603_red_noise_log10_A":-17.0019293479414
}
