{
    "J2033+1734_430_PUPPI_efac":1.113693949200785,
    "J2033+1734_430_PUPPI_log10_ecorr":-5.726283991030456,
    "J2033+1734_430_PUPPI_log10_equad":-5.6337162471402555,
    "J2033+1734_L-wide_PUPPI_efac":1.1331427517539416,
    "J2033+1734_L-wide_PUPPI_log10_ecorr":-6.971693370311569,
    "J2033+1734_L-wide_PUPPI_log10_equad":-5.847707336563429,
    "J2033+1734_red_noise_gamma":3.1620684393801333,
    "J2033+1734_red_noise_log10_A":-16.521941505281802
}
