{
    "J2145-0750_Rcvr1_2_GASP_efac":1.0110230422869044,
    "J2145-0750_Rcvr1_2_GASP_log10_ecorr":-6.243824665782128,
    "J2145-0750_Rcvr1_2_GASP_log10_equad":-5.705026109830131,
    "J2145-0750_Rcvr1_2_GUPPI_efac":1.0265447460207069,
    "J2145-0750_Rcvr1_2_GUPPI_log10_ecorr":-6.355906738653193,
    "J2145-0750_Rcvr1_2_GUPPI_log10_equad":-7.938817552005569,
    "J2145-0750_Rcvr_800_GASP_efac":1.2601984171075302,
    "J2145-0750_Rcvr_800_GASP_log10_ecorr":-6.233581141499856,
    "J2145-0750_Rcvr_800_GASP_log10_equad":-6.513203859186709,
    "J2145-0750_Rcvr_800_GUPPI_efac":1.0476740581711277,
    "J2145-0750_Rcvr_800_GUPPI_log10_ecorr":-6.598154829313346,
    "J2145-0750_Rcvr_800_GUPPI_log10_equad":-6.4184191843741445,
    "J2145-0750_red_noise_gamma":1.8040285570048815,
    "J2145-0750_red_noise_log10_A":-12.948891088882373
}
