{
    "J2214+3000_L-wide_ASP_efac":0.8328153450864979,
    "J2214+3000_L-wide_ASP_log10_ecorr":-7.064223052679033,
    "J2214+3000_L-wide_ASP_log10_equad":-6.458067613616678,
    "J2214+3000_L-wide_PUPPI_efac":1.1954220361348742,
    "J2214+3000_L-wide_PUPPI_log10_ecorr":-6.843650772362196,
    "J2214+3000_L-wide_PUPPI_log10_equad":-7.774691520862171,
    "J2214+3000_S-wide_ASP_efac":0.9594843801019013,
    "J2214+3000_S-wide_ASP_log10_ecorr":-6.982471151348989,
    "J2214+3000_S-wide_ASP_log10_equad":-6.629799719267349,
    "J2214+3000_S-wide_PUPPI_efac":1.093500299806876,
    "J2214+3000_S-wide_PUPPI_log10_ecorr":-6.006076849471581,
    "J2214+3000_S-wide_PUPPI_log10_equad":-6.42653058535195,
    "J2214+3000_red_noise_gamma":3.2031632021943524,
    "J2214+3000_red_noise_log10_A":-16.863517106278895
}
