{
    "J2234+0611_430_PUPPI_efac":1.0168457574856116,
    "J2234+0611_430_PUPPI_log10_ecorr":-7.178480567640888,
    "J2234+0611_430_PUPPI_log10_equad":-7.144484089842051,
    "J2234+0611_L-wide_PUPPI_efac":1.0185619088869677,
    "J2234+0611_L-wide_PUPPI_log10_ecorr":-7.741037555501858,
    "J2234+0611_L-wide_PUPPI_log10_equad":-7.986093958197549,
    "J2234+0611_red_noise_gamma":3.9757863613061373,
    "J2234+0611_red_noise_log10_A":-13.937013335390594
}
