{
    "J2234+0944_L-wide_PUPPI_efac":1.1886958995544086,
    "J2234+0944_L-wide_PUPPI_log10_ecorr":-7.324102061099362,
    "J2234+0944_L-wide_PUPPI_log10_equad":-8.01966073470603,
    "J2234+0944_S-wide_PUPPI_efac":1.1493789577948121,
    "J2234+0944_S-wide_PUPPI_log10_ecorr":-7.687736605464814,
    "J2234+0944_S-wide_PUPPI_log10_equad":-7.4668410598173764,
    "J2234+0944_red_noise_gamma":1.8791110976492311,
    "J2234+0944_red_noise_log10_A":-15.355085046814782
}
