{
    "J2302+4442_Rcvr1_2_GUPPI_efac":1.101236202155907,
    "J2302+4442_Rcvr1_2_GUPPI_log10_ecorr":-7.404814234661835,
    "J2302+4442_Rcvr1_2_GUPPI_log10_equad":-7.467215637393752,
    "J2302+4442_Rcvr_800_GUPPI_efac":1.0112433105873015,
    "J2302+4442_Rcvr_800_GUPPI_log10_ecorr":-6.220143740762793,
    "J2302+4442_Rcvr_800_GUPPI_log10_equad":-7.235383029096117,
    "J2302+4442_red_noise_gamma":3.236551751116374,
    "J2302+4442_red_noise_log10_A":-16.74265145342084
}
